st,yr,rtype,hectares,prod,type,temp,wind,rain,cloud,sun,rel_hum,ndvi
Barisal,2011,Aus,34995.0,60966.0,0,30.04166666666667,2.833333333333333,252.5,4.916666666666667,5.7666666666666675,83.0,0.41866833333333336
Barisal,2011,Aman,125090.0,258853.0,1,28.67857142857143,2.0,231.0,4.328571428571428,5.171428571428572,86.57142857142857,0.46248428571428574
Barisal,2011,Boro,61636.0,243112.0,2,25.585714285714282,1.7142857142857142,41.857142857142854,2.1714285714285717,7.242857142857143,78.85714285714286,0.45762857142857144
Barisal,2012,Aus,34849.0,56747.0,0,30.54166666666667,2.2,181.5,5.033333333333332,5.716666666666668,82.66666666666667,0.41764666666666667
Barisal,2012,Aman,123545.0,223867.0,1,28.37142857142857,1.614285714285714,177.85714285714286,4.671428571428572,5.085714285714286,86.57142857142857,0.45150000000000007
Barisal,2012,Boro,60761.0,241504.0,2,26.021428571428572,1.9714285714285715,59.42857142857143,2.3285714285714287,6.771428571428572,79.57142857142857,0.4495328571428571
Barisal,2013,Aus,35019.0,48335.0,0,30.18333333333333,2.75,303.6666666666667,5.116666666666666,5.833333333333332,83.16666666666667,0.4335116666666667
Barisal,2013,Aman,121883.0,245713.0,1,28.264285714285712,1.9857142857142855,220.7142857142857,4.328571428571428,5.528571428571429,85.57142857142857,0.4821042857142857
Barisal,2013,Boro,60721.0,226889.0,2,25.692857142857147,1.8857142857142857,110.85714285714286,2.2142857142857144,7.2285714285714295,79.71428571428571,0.4576314285714286
Barisal,2014,Aus,33664.0,49084.0,0,29.769968032836914,1.0934102535247805,241.6347503662109,4.808357238769531,5.8208417892456055,83.46463012695312,0.458445
Barisal,2014,Aman,123136.0,287835.0,1,28.441184997558594,0.9668799638748168,224.4472503662109,4.516255855560303,4.768065929412842,86.09896850585938,0.49298428571428576
Barisal,2014,Boro,56666.0,203562.0,2,25.571664810180664,0.7812875509262085,66.67020416259766,2.142524719238281,6.32275390625,81.29192352294922,0.4736642857142858
Barisal,2015,Aus,27209.0,40801.0,0,30.06331825256348,0.9146012663841248,200.2832946777344,4.711430072784424,5.795727252960205,82.72208404541016,0.46045500000000006
Barisal,2015,Aman,137773.0,328128.0,1,28.41803741455078,0.6271878480911255,207.90675354003903,4.4049410820007315,4.68702507019043,85.82855987548828,0.5079371428571429
Barisal,2015,Boro,56582.0,209042.0,2,25.565940856933594,0.6087665557861328,62.83179473876953,2.1441938877105717,6.123856067657472,75.2190933227539,0.4806785714285714
Barisal,2016,Aus,21940.0,35582.0,0,30.422008514404297,0.95451682806015,214.2667388916016,4.650852680206299,5.684553623199463,81.98165130615234,0.44212999999999997
Barisal,2016,Aman,120137.0,240835.0,1,28.41510581970215,0.6967381834983826,231.5889434814453,4.465085983276367,4.6036109924316415,86.04956817626953,0.47517999999999994
Barisal,2016,Boro,53708.0,205807.0,2,25.56980133056641,0.6378130912780762,61.41727066040039,2.0874836444854736,6.00088357925415,76.95038604736328,0.49635000000000007
Barisal,2017,Aus,17271.0,31237.0,0,30.02448654174805,0.882817804813385,232.57183837890625,4.732068538665772,5.7221107482910165,82.39453125,0.44409833333333326
Barisal,2017,Aman,128029.0,229729.0,1,28.454669952392575,0.7197826504707336,241.2713928222656,4.466045379638672,4.892817974090576,85.63733673095703,0.48744999999999994
Barisal,2017,Boro,52339.0,201186.0,2,25.56509017944336,0.6578826904296875,64.40392303466797,2.0976953506469727,6.5896897315979,81.11476135253906,0.4864885714285715
Barisal,2018,Aus,21770.0,38239.0,0,29.99480628967285,0.8492843508720398,228.69879150390625,4.646656513214111,5.739612579345702,82.72322082519531,0.45619000000000004
Barisal,2018,Aman,122065.0,208723.0,1,28.459482192993164,0.8074105978012085,241.49546813964844,4.461460590362549,4.740432262420653,85.81221771240234,0.5168685714285715
Barisal,2018,Boro,50803.7,195100.6,2,25.565025329589844,0.7232663631439209,63.41419219970703,2.0647881031036377,6.185515403747559,81.2513198852539,0.46292857142857136
Bhola,2011,Aus,64819.0,109977.0,0,29.65,1.6166666666666665,270.1666666666667,4.55,5.333333333333333,84.0,0.316525
Bhola,2011,Aman,170775.0,337661.0,1,28.45714285714286,1.2714285714285711,228.57142857142856,3.7428571428571433,4.8,86.85714285714286,0.3966757142857143
Bhola,2011,Boro,56382.0,194221.0,2,25.4,1.414285714285714,59.28571428571429,1.9285714285714288,6.8428571428571425,80.42857142857143,0.34094714285714284
Bhola,2012,Aus,61165.0,93360.0,0,29.925,1.7166666666666668,189.33333333333331,4.383333333333334,5.633333333333333,83.16666666666667,0.32924333333333333
Bhola,2012,Aman,172508.0,318800.0,1,28.092857142857145,1.3571428571428572,170.14285714285714,4.1,4.985714285714286,86.2857142857143,0.37411714285714287
Bhola,2012,Boro,58160.0,202302.0,2,25.771428571428572,1.4571428571428573,48.28571428571429,2.042857142857143,6.714285714285714,80.57142857142857,0.3376
Bhola,2013,Aus,60921.0,81528.0,0,29.93333333333333,2.3666666666666667,292.8333333333333,4.6000000000000005,4.583333333333333,83.16666666666667,0.32925
Bhola,2013,Aman,176171.0,340665.0,1,28.357142857142854,1.9142857142857144,214.57142857142856,3.9571428571428577,5.071428571428571,86.0,0.41152571428571433
Bhola,2013,Boro,53015.0,171108.0,2,25.828571428571426,1.5714285714285714,98.85714285714286,2.128571428571429,6.342857142857143,78.85714285714286,0.3468742857142857
Bhola,2014,Aus,74636.0,100811.0,0,29.49538803100586,1.7608619928359983,278.211669921875,4.521459579467773,5.85650634765625,82.70830535888672,0.34922666666666663
Bhola,2014,Aman,172207.0,334501.0,1,28.389249801635746,1.313853740692139,223.0243682861328,4.0815443992614755,5.342416286468506,86.06127166748047,0.41258428571428574
Bhola,2014,Boro,56377.0,173804.0,2,25.55949592590332,1.3397849798202517,65.65805053710939,2.0160169601440434,6.944020748138428,76.1001205444336,0.36502285714285715
Bhola,2015,Aus,76129.0,111741.0,0,29.77629852294922,1.3585546016693115,200.55453491210938,4.534403324127197,6.154780864715576,82.51123809814453,0.34026833333333334
Bhola,2015,Aman,181900.4,393399.0,1,28.34759521484375,1.263107419013977,200.8022308349609,3.9820690155029297,5.456940174102783,86.12395477294922,0.4300842857142858
Bhola,2015,Boro,54853.0,176767.0,2,25.55661964416504,1.5059456825256348,63.288734436035156,2.104074716567993,7.120485305786133,73.65780639648438,0.3548814285714285
Bhola,2016,Aus,75008.0,119328.0,0,29.987173080444336,1.2271019220352173,259.02117919921875,4.472126007080078,5.7452898025512695,82.71308898925781,0.31593999999999994
Bhola,2016,Aman,183490.0,411372.0,1,28.41353416442871,1.5119141340255735,227.8050842285156,4.142794132232666,5.534134387969972,86.04608154296875,0.3916214285714286
Bhola,2016,Boro,47090.0,165500.0,2,25.569171905517575,1.3663533926010132,61.89583206176758,2.0386593341827397,6.966435432434082,71.24590301513672,0.3619928571428571
Bhola,2017,Aus,86800.0,174068.0,0,29.78012466430664,1.0827218294143677,254.0355987548828,4.413958549499512,6.035593032836914,83.06236267089844,0.3538566666666667
Bhola,2017,Aman,175200.0,434140.0,1,28.431926727294922,1.38775634765625,237.17156982421875,4.01470947265625,5.212878704071045,85.96090698242188,0.4367971428571429
Bhola,2017,Boro,45568.0,160434.0,2,25.565860748291016,1.2851251363754272,64.03189849853516,2.0812346935272217,7.039977073669434,75.21846771240234,0.3702571428571429
Bhola,2018,Aus,84740.0,172102.0,0,29.81022071838379,0.908302128314972,219.9510498046875,4.440288066864014,5.842598915100098,82.22044372558594,0.3617983333333334
Bhola,2018,Aman,174258.0,423522.0,1,28.436140060424805,1.5509562492370603,236.3653106689453,4.068599224090576,5.16431188583374,85.8824462890625,0.44029
Bhola,2018,Boro,41369.0,161002.8,2,25.565059661865234,1.2593971490859983,63.35779571533203,2.0427379608154297,7.0404229164123535,78.15847778320312,0.3627628571428571
Bogra,2011,Aus,25622.0,53248.0,0,30.10833333333333,2.966666666666667,220.0,4.683333333333334,5.916666666666668,77.83333333333333,0.4512833333333333
Bogra,2011,Aman,183377.0,428279.0,1,29.185714285714287,2.514285714285714,196.28571428571428,3.9,5.328571428571427,81.57142857142857,0.4543671428571429
Bogra,2011,Boro,185370.0,692542.0,2,25.057142857142853,2.442857142857143,51.14285714285714,2.157142857142857,6.1571428571428575,74.57142857142857,0.4418114285714286
Bogra,2012,Aus,23186.0,50923.0,0,30.85,3.333333333333333,110.83333333333331,4.4,5.416666666666668,74.83333333333333,0.49118666666666666
Bogra,2012,Aman,182066.0,448188.0,1,28.714285714285715,2.7142857142857144,136.14285714285714,4.571428571428571,4.571428571428571,81.28571428571429,0.4624471428571428
Bogra,2012,Boro,184022.0,730444.0,2,25.564285714285717,2.9,32.0,2.057142857142857,5.971428571428571,71.42857142857143,0.43783857142857135
Bogra,2013,Aus,23186.0,56120.0,0,30.48333333333333,2.5666666666666664,149.66666666666666,4.683333333333334,5.05,77.16666666666667,0.4732983333333333
Bogra,2013,Aman,184319.0,468963.0,1,28.907142857142862,2.4285714285714284,148.85714285714286,4.2,4.842857142857143,80.42857142857143,0.4865042857142857
Bogra,2013,Boro,186797.0,756044.0,2,25.585714285714282,2.142857142857143,25.285714285714285,2.1428571428571432,6.0,73.28571428571429,0.45232857142857147
Bogra,2014,Aus,22695.0,52125.0,0,28.824277877807614,1.255306839942932,317.4428405761719,4.469457149505615,5.050677299499512,81.35235595703125,0.46554333333333336
Bogra,2014,Aman,181297.0,480483.0,1,29.015241622924805,1.0306555032730105,238.9624481201172,4.309433937072754,4.68202543258667,81.2567138671875,0.4765814285714286
Bogra,2014,Boro,190138.0,688437.0,2,25.565303802490234,0.8935348987579346,59.925086975097656,2.0436258316040044,6.07041072845459,75.91498565673828,0.45632857142857136
Bogra,2015,Aus,21540.0,53446.0,0,29.837162017822266,0.7480307221412659,231.7890472412109,4.563201904296875,5.165755748748778,80.33242797851562,0.5102916666666667
Bogra,2015,Aman,179767.0,480227.0,1,28.88929748535156,0.8317861557006836,177.55616760253906,3.7714214324951167,4.919214248657227,80.02061462402344,0.4913457142857142
Bogra,2015,Boro,187735.0,702778.0,2,25.56842994689941,0.4384156465530396,62.89920425415039,2.1047580242156982,6.09296464920044,70.61481475830078,0.4777085714285714
Bogra,2016,Aus,18878.0,47137.0,0,29.97870635986328,0.7221649885177612,267.21078491210943,4.439741134643555,5.548783302307129,79.11019134521484,0.47777000000000003
Bogra,2016,Aman,181148.0,494235.0,1,28.845592498779297,0.8148370385169983,181.89028930664062,4.1930036544799805,4.9953651428222665,80.56597137451172,0.47748999999999997
Bogra,2016,Boro,185741.0,719981.0,2,25.56515312194824,0.5590553283691406,62.93368911743164,2.045540809631348,5.926009654998778,73.18238067626953,0.45945857142857144
Bogra,2017,Aus,19075.0,53795.0,0,29.703227996826172,0.7834770679473877,250.878662109375,4.459935665130615,5.684641361236572,80.97503662109375,0.47807
Bogra,2017,Aman,164380.0,450823.0,1,28.87334632873535,0.7705812454223633,211.22447204589844,4.104611873626709,5.031074047088623,80.32530975341797,0.4997528571428572
Bogra,2017,Boro,187013.0,728268.0,2,25.56505012512207,0.6776524782180786,62.60582733154297,2.082195520401001,5.859377384185791,76.25116729736328,0.4732471428571428
Bogra,2018,Aus,20232.0,57385.0,0,29.519145965576172,0.8350903987884521,237.3349151611328,4.4635009765625,5.573304653167725,79.44783020019531,0.49861
Bogra,2018,Aman,175577.0,467997.0,1,28.85629653930664,0.8239550590515137,193.24659729003903,4.1450533866882315,5.315893173217773,78.88387298583984,0.5021914285714286
Bogra,2018,Boro,185915.0,709612.0,2,25.565208435058594,0.8076025247573853,63.1316032409668,2.04490327835083,5.82611894607544,73.0049057006836,0.48362714285714287
Chandpur,2011,Aus,9930.0,24282.0,0,29.825,2.333333333333333,284.6666666666667,5.666666666666668,5.25,81.16666666666667,0.4581333333333333
Chandpur,2011,Aman,43918.0,77592.0,1,28.807142857142857,2.057142857142857,217.57142857142856,4.628571428571427,4.742857142857143,83.42857142857143,0.4812971428571428
Chandpur,2011,Boro,65870.0,284239.0,2,25.67857142857143,2.2285714285714286,86.42857142857143,2.8428571428571425,6.128571428571428,76.42857142857143,0.46211857142857143
Chandpur,2012,Aus,10006.0,22360.0,0,30.383333333333336,2.566666666666667,229.0,5.033333333333333,5.783333333333332,80.83333333333333,0.4462933333333334
Chandpur,2012,Aman,47187.0,90938.0,1,28.657142857142855,2.4857142857142853,198.28571428571428,4.8,4.885714285714285,83.42857142857143,0.47543857142857143
Chandpur,2012,Boro,65296.0,233621.0,2,26.20714285714286,2.3142857142857145,66.14285714285714,2.7571428571428567,6.2,76.57142857142857,0.45040857142857144
Chandpur,2013,Aus,10256.0,22552.0,0,30.183333333333334,2.4666666666666663,312.1666666666667,5.016666666666667,5.15,81.16666666666667,0.48845166666666656
Chandpur,2013,Aman,37006.0,70130.0,1,28.878571428571433,2.1714285714285717,246.0,4.6571428571428575,4.4714285714285715,82.71428571428571,0.5099514285714286
Chandpur,2013,Boro,64231.0,210305.0,2,25.978571428571428,2.485714285714286,117.57142857142857,2.5857142857142863,6.014285714285713,76.57142857142857,0.48506571428571427
Chandpur,2014,Aus,11860.0,25969.0,0,28.78390121459961,3.1388208866119385,341.6344909667969,4.600019454956055,5.59158992767334,81.41092681884766,0.5018783333333333
Chandpur,2014,Aman,139208.0,292803.0,1,28.90729522705078,2.4560060501098637,234.12744140625,4.824997901916504,5.250955581665039,82.72216033935547,0.5222242857142857
Chandpur,2014,Boro,64424.0,221831.0,2,25.60610389709473,3.161393404006958,66.11277770996094,2.585878133773804,5.928749084472656,78.34059143066406,0.48622714285714286
Chandpur,2015,Aus,10197.0,24351.0,0,29.747716903686523,3.1001775264739986,226.05577087402344,4.613006591796875,5.475756168365479,80.92591094970703,0.474205
Chandpur,2015,Aman,137669.0,294604.0,1,28.76729393005371,2.3768322467803955,234.7279052734375,4.727447032928467,5.169149875640869,83.15531158447266,0.5225757142857143
Chandpur,2015,Boro,62341.0,212793.0,2,25.574321746826172,2.0786600112915044,64.74560546875,2.4213552474975586,5.878103256225586,77.01054382324219,0.48634857142857146
Chandpur,2016,Aus,9871.0,24569.0,0,30.020368576049805,3.2205698490142822,259.1083374023437,4.651440143585205,5.69384241104126,81.55183410644531,0.4924016666666667
Chandpur,2016,Aman,37247.0,67890.0,1,28.761083602905273,2.496199369430542,239.3300323486328,4.770069599151611,4.98225212097168,82.9966812133789,0.5230314285714285
Chandpur,2016,Boro,110467.0,436136.0,2,25.58820533752441,1.595457673072815,61.25944900512695,2.3319849967956543,6.082916259765625,77.88265991210938,0.5094257142857143
Chandpur,2017,Aus,9955.0,25483.0,0,29.711841583251953,2.630608320236206,273.9281616210937,4.643454074859619,5.422572612762451,82.61973571777344,0.49208
Chandpur,2017,Aman,43045.0,81165.0,1,28.77517127990723,2.1026642322540283,253.12652587890625,4.742006778717041,5.94618034362793,81.88245391845703,0.5350028571428572
Chandpur,2017,Boro,67733.0,245503.0,2,25.566843032836914,1.3574107885360718,64.71121215820311,2.2712321281433105,5.9260826110839835,80.89278411865234,0.514402857142857
Chandpur,2018,Aus,9774.0,26286.0,0,29.530139923095703,1.920697808265686,291.9979553222656,4.684250354766847,5.668152809143066,79.69043731689453,0.4889316666666667
Chandpur,2018,Aman,44168.0,79413.0,1,28.73930931091309,1.955085277557373,247.66546630859372,4.804280757904053,5.8508548736572275,82.49685668945312,0.5273542857142858
Chandpur,2018,Boro,61792.3,237576.3,2,25.56428146362305,1.0669662952423096,63.40188598632813,2.1744205951690674,5.835507392883301,79.33268737792969,0.49975571428571436
Chittagong,2011,Aus,45191.0,108080.0,0,28.941666666666674,6.116666666666667,382.16666666666674,4.883333333333333,6.033333333333332,80.83333333333333,0.5704033333333334
Chittagong,2011,Aman,184314.0,467750.0,1,27.892857142857146,5.7285714285714295,379.57142857142856,4.3,6.201714285714287,82.14285714285714,0.6003557142857143
Chittagong,2011,Boro,67237.0,227322.0,2,25.67142857142857,5.742857142857143,63.42857142857143,2.1142857142857143,7.644571428571429,73.71428571428571,0.5291328571428572
Chittagong,2012,Aus,43993.0,107343.0,0,29.40833333333333,6.966666666666668,472.33333333333326,4.666666666666667,6.033333333333332,83.0,0.57834
Chittagong,2012,Aman,179903.0,474410.0,1,27.87142857142857,6.428571428571429,461.8571428571428,4.414285714285716,6.201714285714287,84.42857142857143,0.5933957142857142
Chittagong,2012,Boro,67135.0,251413.0,2,25.91428571428571,6.342857142857143,59.0,2.157142857142857,7.644571428571429,75.14285714285714,0.5265585714285714
Chittagong,2013,Aus,44176.0,110759.0,0,29.241666666666664,6.866666666666666,336.5,4.566666666666666,6.033333333333332,82.5,0.5788733333333334
Chittagong,2013,Aman,178154.0,477130.0,1,28.02857142857143,5.971428571428571,246.7142857142857,4.4,6.201714285714287,82.85714285714286,0.6151728571428572
Chittagong,2013,Boro,63438.0,213771.0,2,25.507142857142853,6.6,119.14285714285714,2.157142857142857,7.644571428571429,76.28571428571429,0.5284657142857143
Chittagong,2014,Aus,43938.0,108026.0,0,29.31894302368164,0.9849602580070496,167.28042602539062,4.628441333770752,5.897402286529541,78.84326934814453,0.5774316666666667
Chittagong,2014,Aman,9427.0,23749.0,1,28.117380142211914,0.6948506236076355,196.26583862304688,4.441568851470947,6.090499877929688,83.85633087158203,0.6233614285714285
Chittagong,2014,Boro,66162.0,230000.0,2,25.577693939208984,1.3983581066131592,67.44926452636719,2.0571115016937256,7.09268045425415,72.47728729248047,0.5349857142857142
Chittagong,2015,Aus,31148.0,77092.0,0,29.29086685180664,0.8861829042434692,167.84695434570312,4.607923984527588,5.853618144989014,78.7643814086914,0.5910833333333333
Chittagong,2015,Aman,9670.0,23766.0,1,28.192087173461914,0.7594847083091736,188.0549774169922,4.4360551834106445,6.027626037597656,83.91778564453125,0.6177128571428571
Chittagong,2015,Boro,64995.0,222501.0,2,25.570781707763672,1.1186702251434326,63.91278457641602,2.1180284023284908,7.4060750007629395,74.50211334228516,0.5648414285714286
Chittagong,2016,Aus,31805.0,84071.0,0,29.425336837768555,0.7951426506042479,177.6158447265625,4.549012660980225,5.798895835876465,79.64423370361328,0.5976416666666665
Chittagong,2016,Aman,170728.0,475889.0,1,28.26223182678223,0.637709379196167,191.5346984863281,4.438539028167725,5.965076446533202,83.41880798339844,0.6324342857142857
Chittagong,2016,Boro,61535.0,187680.0,2,25.565128326416016,0.8727814555168152,60.84635543823242,2.0490036010742188,6.898531913757324,76.36832427978516,0.57345
Chittagong,2017,Aus,35528.0,92506.0,0,29.4696044921875,0.9412143230438232,175.34324645996094,4.547492504119873,5.815997123718263,78.18541717529297,0.5848983333333333
Chittagong,2017,Aman,175475.0,449527.0,1,28.31046485900879,0.8261623382568359,206.9077453613281,4.450178623199463,6.071921825408936,83.1005630493164,0.6295114285714286
Chittagong,2017,Boro,61651.0,206040.0,2,25.565141677856445,0.9636147022247314,64.72396087646484,2.08964204788208,7.444125652313232,72.4949722290039,0.5846585714285714
Chittagong,2018,Aus,36058.0,97581.0,0,29.521514892578125,1.0170772075653076,195.15689086914062,4.470355033874512,5.758585453033447,80.24002838134766,0.6028166666666667
Chittagong,2018,Aman,169719.0,435740.0,1,28.34916114807129,0.8499397039413452,208.798828125,4.453545093536377,5.966021060943604,83.74152374267578,0.6516428571428571
Chittagong,2018,Boro,61882.9,244972.0,2,25.565187454223636,0.8850444555282593,63.44153213500977,2.0463309288024902,6.619936943054199,73.86968994140625,0.5588242857142857
Chuadanga,2011,Aus,14327.0,37880.0,0,30.53333333333333,2.1333333333333333,227.0,4.266666666666667,6.1000000000000005,80.0,0.5248083333333333
Chuadanga,2011,Aman,43455.0,122987.0,1,28.65,1.5285714285714287,191.7142857142857,3.5857142857142854,5.285714285714286,85.14285714285714,0.5335628571428571
Chuadanga,2011,Boro,40264.0,154396.0,2,25.114285714285717,1.7571428571428571,40.142857142857146,1.7428571428571429,6.7285714285714295,76.85714285714286,0.5126142857142857
Chuadanga,2012,Aus,14641.0,34671.0,0,31.825,2.2500000000000004,119.66666666666669,3.6833333333333336,5.866666666666666,76.33333333333333,0.529635
Chuadanga,2012,Aman,43485.0,119763.0,1,28.514285714285712,1.8,140.42857142857142,3.8285714285714287,5.128571428571427,84.28571428571429,0.5723971428571428
Chuadanga,2012,Boro,39200.0,149013.0,2,25.814285714285717,2.0571428571428574,34.714285714285715,1.7,6.928571428571429,74.57142857142857,0.4981714285714286
Chuadanga,2013,Aus,21486.0,57826.0,0,31.0,2.25,136.66666666666666,4.216666666666667,5.8500000000000005,78.5,0.5683583333333333
Chuadanga,2013,Aman,39193.0,108973.0,1,28.285714285714285,1.8714285714285712,122.42857142857143,3.728571428571428,5.271428571428571,85.57142857142857,0.5782314285714286
Chuadanga,2013,Boro,41159.0,150362.0,2,25.35,2.128571428571429,44.0,1.7857142857142858,6.7285714285714295,75.71428571428571,0.5445057142857144
Chuadanga,2014,Aus,25508.0,70287.0,0,29.12024307250977,1.928189158439636,390.199462890625,4.497411727905273,6.100613117218018,85.99065399169922,0.5475800000000001
Chuadanga,2014,Aman,36526.0,99997.0,1,28.46092796325684,1.4641662836074831,229.9072723388672,4.046987533569337,5.612427234649658,84.77696228027344,0.5860757142857143
Chuadanga,2014,Boro,39205.0,147069.0,2,25.55954742431641,1.7470005750656128,61.32091522216797,2.0143351554870605,6.677717208862305,78.05498504638672,0.5342071428571429
Chuadanga,2015,Aus,27466.0,74737.0,0,29.841049194335934,1.8497635126113887,224.83566284179688,4.151179313659668,5.961042404174805,83.99612426757812,0.5480616666666667
Chuadanga,2015,Aman,36903.0,101810.0,1,28.46502494812012,1.191362380981445,159.38229370117188,3.960119485855103,5.48236608505249,84.78280639648438,0.5708828571428571
Chuadanga,2015,Boro,38127.0,144652.0,2,25.575048446655273,1.6654324531555176,62.90398406982422,2.0408587455749507,6.544089317321777,76.49765014648438,0.5334128571428571
Chuadanga,2016,Aus,27142.0,75607.0,0,29.96144676208496,1.825303316116333,311.696044921875,4.056732177734375,5.839998245239258,84.19583129882812,0.5444066666666666
Chuadanga,2016,Aman,36344.0,101387.0,1,28.433826446533203,1.019582986831665,158.56396484375,4.440168380737305,5.5114336013793945,84.9353256225586,0.5667071428571429
Chuadanga,2016,Boro,35160.0,135832.0,2,25.56488800048828,1.727803349494934,62.90190887451172,1.9404947757720947,6.6116576194763175,76.34223175048828,0.5429228571428572
Chuadanga,2017,Aus,38400.0,111916.0,0,29.64675331115723,1.5152078866958618,301.6470947265625,4.194747447967528,5.803195476531982,85.412353515625,0.557705
Chuadanga,2017,Aman,34190.0,96705.0,1,28.47110939025879,0.90230530500412,198.9366607666016,4.0660552978515625,5.519232273101807,84.87622833251953,0.5909542857142858
Chuadanga,2017,Boro,38730.0,146744.0,2,25.56588554382324,1.5388299226760864,62.88126754760742,2.099348783493042,6.3532752990722665,78.82499694824219,0.5571200000000001
Chuadanga,2018,Aus,37776.0,109585.0,0,29.652746200561523,1.1942486763000488,229.0784912109375,4.154553413391113,5.911234855651856,84.98770904541016,0.5570216666666666
Chuadanga,2018,Aman,32680.0,89821.0,1,28.47821044921875,0.7804636359214783,194.4054718017578,4.3024115562438965,5.655022621154785,85.0411148071289,0.5863814285714286
Chuadanga,2018,Boro,32616.2,131195.0,2,25.565216064453125,1.4300203323364258,63.18177032470703,2.040997266769409,6.392764568328857,77.71035766601562,0.5681485714285716
Comilla,2011,Aus,69698.0,157418.0,0,29.35833333333333,2.1,262.5,4.8500000000000005,6.133333333333333,81.83333333333333,0.4916
Comilla,2011,Aman,142763.0,342915.0,1,28.514285714285712,1.8571428571428572,204.14285714285717,4.0285714285714285,6.028571428571429,82.85714285714286,0.5198614285714286
Comilla,2011,Boro,162672.0,623062.0,2,25.0,1.9285714285714288,65.0,2.085714285714286,7.114285714285715,76.85714285714286,0.49026000000000003
Comilla,2012,Aus,67424.0,161670.0,0,29.7,2.1166666666666667,252.33333333333331,4.7,6.616666666666666,82.0,0.5018166666666667
Comilla,2012,Aman,143883.0,338564.0,1,28.092857142857145,1.9285714285714288,213.57142857142856,4.314285714285714,6.000000000000001,83.14285714285714,0.5233899999999999
Comilla,2012,Boro,169879.0,635359.0,2,25.207142857142852,1.8714285714285717,77.0,2.3285714285714287,7.042857142857144,78.14285714285714,0.4865785714285714
Comilla,2013,Aus,679763.0,189004.0,0,29.7,2.4833333333333334,209.66666666666663,4.683333333333334,6.166666666666668,81.66666666666667,0.5467
Comilla,2013,Aman,140452.0,326956.0,1,28.607142857142854,2.185714285714286,159.28571428571428,4.128571428571428,6.042857142857143,82.85714285714286,0.5571142857142858
Comilla,2013,Boro,160767.0,615555.0,2,25.314285714285717,2.085714285714286,75.85714285714286,2.1142857142857143,7.014285714285713,77.28571428571429,0.51316
Comilla,2014,Aus,68779.0,172305.0,0,29.45244216918945,2.768798589706421,286.623779296875,4.869854927062988,5.908522129058838,82.8101577758789,0.5314833333333333
Comilla,2014,Aman,72507.0,175192.0,1,28.49447631835937,2.0399820804595947,217.4454498291016,4.265544414520264,5.891047954559326,82.02882385253906,0.56506
Comilla,2014,Boro,158557.0,576496.0,2,25.5819034576416,1.476020574569702,64.08322906494139,2.1658706665039062,7.0973777770996085,77.9269790649414,0.5132328571428572
Comilla,2015,Aus,65107.0,159886.0,0,29.64253807067871,2.066537618637085,282.90618896484375,4.793176651000977,6.1188812255859375,81.56975555419922,0.5243000000000001
Comilla,2015,Aman,76324.0,188716.0,1,28.412578582763672,2.263467073440552,197.63162231445312,4.145866394042969,5.861820697784424,82.51966094970703,0.5615171428571429
Comilla,2015,Boro,158893.0,581778.0,2,25.583026885986328,1.040934443473816,63.12483596801758,2.098559856414795,7.403388500213622,82.6480712890625,0.5235885714285714
Comilla,2016,Aus,63962.0,148178.0,0,29.81220626831055,2.2185850143432617,223.09884643554688,4.871114730834961,6.267712116241455,81.8746337890625,0.523015
Comilla,2016,Aman,135054.0,288796.0,1,28.49334526062012,2.0478429794311523,200.54620361328125,4.2705488204956055,5.777906894683838,83.03612518310547,0.5680428571428572
Comilla,2016,Boro,156242.0,574371.0,2,25.56909942626953,0.8915366530418396,63.36027526855469,2.100460767745972,7.757465839385986,79.52528381347656,0.5239185714285715
Comilla,2017,Aus,70800.0,185718.0,0,29.755767822265625,2.0348577499389653,323.6229553222656,4.820298671722412,6.11163330078125,82.41177368164062,0.5494933333333334
Comilla,2017,Aman,135155.0,320063.0,1,28.48874282836914,2.8165972232818604,218.03543090820312,4.150099277496338,5.8341917991638175,81.99971771240234,0.5832042857142856
Comilla,2017,Boro,144736.0,544518.0,2,25.56566619873047,0.8207257986068726,63.52779006958008,2.0733065605163574,7.62844705581665,80.00050354003906,0.5522742857142857
Comilla,2018,Aus,71060.0,191367.0,0,29.77993583679199,2.1573033332824707,242.8520355224609,4.8920631408691415,5.954617023468018,81.7888412475586,0.5253783333333333
Comilla,2018,Aman,134770.0,316154.0,1,28.479204177856445,3.007884740829468,220.5251922607422,4.277024745941162,5.781731128692628,82.19644927978516,0.5757985714285715
Comilla,2018,Boro,155545.0,661981.6,2,25.56503486633301,0.707159161567688,63.28900146484375,2.0741419792175293,7.269520759582519,79.7778549194336,0.5153857142857142
Dhaka,2011,Aus,628.0,927.0,0,30.066666666666666,2.5,242.83333333333331,4.983333333333333,4.9,73.66666666666667,0.4625633333333334
Dhaka,2011,Aman,15896.0,23809.0,1,28.878571428571423,1.9714285714285715,199.7142857142857,4.285714285714286,4.528571428571428,76.42857142857143,0.45047571428571426
Dhaka,2011,Boro,49624.0,204100.0,2,25.67142857142857,2.257142857142857,54.0,2.1,6.014285714285713,66.28571428571429,0.45236714285714286
Dhaka,2012,Aus,502.0,752.0,0,30.65833333333333,2.4,187.66666666666663,4.783333333333333,5.249999999999999,72.5,0.44090499999999994
Dhaka,2012,Aman,19079.0,27797.0,1,28.728571428571428,1.9857142857142855,125.0,4.585714285714286,4.171428571428572,76.14285714285714,0.44194857142857147
Dhaka,2012,Boro,47415.0,190646.0,2,26.335714285714282,2.242857142857143,75.28571428571429,2.3000000000000003,5.9,65.85714285714286,0.42633714285714286
Dhaka,2013,Aus,477.0,948.0,0,30.65,2.583333333333333,212.5,5.066666666666666,5.083333333333334,72.33333333333333,0.4545983333333334
Dhaka,2013,Aman,16110.0,25676.0,1,28.907142857142862,2.042857142857143,163.71428571428572,4.442857142857141,4.5285714285714285,76.57142857142857,0.4710414285714286
Dhaka,2013,Boro,47115.0,200561.0,2,26.314285714285717,2.1714285714285717,64.0,2.257142857142857,5.8,65.57142857142857,0.45373428571428576
Dhaka,2014,Aus,692.0,1413.0,0,28.97208976745605,1.2695574760437012,232.8964691162109,4.749340534210205,5.676675319671631,76.98356628417969,0.46562
Dhaka,2014,Aman,91959.0,227829.0,1,28.869274139404297,1.5993162393569946,236.46807861328125,4.493821144104004,4.908560752868652,84.13722229003906,0.4775542857142857
Dhaka,2014,Boro,46867.0,205638.0,2,25.68024635314941,2.741830348968506,63.1381950378418,2.0672085285186768,5.850437641143799,74.25963592529297,0.4464099999999999
Dhaka,2015,Aus,654.0,1431.0,0,30.15280342102051,1.0015177726745603,209.879150390625,5.123493194580078,5.136686325073242,73.8404541015625,0.441905
Dhaka,2015,Aman,96541.0,246845.0,1,28.78849029541016,0.7389463186264038,183.6006774902344,4.430388927459717,4.839557647705078,78.4529037475586,0.44010999999999995
Dhaka,2015,Boro,47691.0,211933.0,2,25.600326538085934,1.8928792476654053,62.83983612060547,2.178642749786377,5.796069622039795,74.66077423095703,0.45826
Dhaka,2016,Aus,655.0,1407.0,0,30.104476928710934,0.8540307283401489,235.958740234375,4.75645923614502,5.332733154296875,74.04454803466797,0.47875666666666666
Dhaka,2016,Aman,17547.0,27671.0,1,28.77859115600586,0.7148669958114624,214.7817230224609,4.433060646057129,4.99074125289917,82.11014556884766,0.47576285714285715
Dhaka,2016,Boro,48268.0,218997.0,2,25.63572883605957,1.6798075437545776,63.47244262695313,2.0576403141021733,5.7420597076416025,75.79801940917969,0.4754828571428571
Dhaka,2017,Aus,747.0,2016.0,0,29.563335418701172,0.7888336181640625,239.7309875488281,5.06212854385376,5.5456271171569815,76.88873291015625,0.45719333333333334
Dhaka,2017,Aman,16716.0,33169.0,1,28.77925682067871,0.6572953462600708,233.53451538085938,4.464794158935547,5.16926383972168,85.30235290527344,0.47513857142857147
Dhaka,2017,Boro,47156.0,206782.0,2,25.574886322021484,1.5629781484603882,63.28158569335938,2.1184353828430176,5.751549243927003,74.6072006225586,0.47176714285714283
Dhaka,2018,Aus,486.0,1098.0,0,29.510616302490234,0.8320836424827576,244.0755920410156,4.631523609161377,5.459366321563722,77.39169311523438,0.4813266666666666
Dhaka,2018,Aman,8060.0,12583.0,1,28.74590301513672,0.6150144934654236,207.6211853027344,4.455201148986816,5.138468265533447,84.31427764892578,0.4959942857142857
Dhaka,2018,Boro,47074.0,180846.7,2,25.562580108642575,1.778734803199768,63.25320053100586,2.053072452545166,5.74847412109375,73.49169158935547,0.4628828571428572
Dinajpur,2011,Aus,5739.0,15678.0,0,29.566666666666666,1.7166666666666666,225.33333333333331,4.416666666666667,6.0166666666666675,78.5,0.5247566666666666
Dinajpur,2011,Aman,247199.0,606408.0,1,28.164285714285718,1.6285714285714286,182.57142857142856,3.7428571428571433,5.7,81.71428571428571,0.4838971428571429
Dinajpur,2011,Boro,174014.0,660743.0,2,24.242857142857147,1.5714285714285714,52.714285714285715,1.8,6.442857142857143,76.28571428571429,0.46510571428571434
Dinajpur,2012,Aus,4812.0,10333.0,0,30.325000000000006,1.7666666666666666,176.66666666666663,4.35,6.45,74.83333333333333,0.545585
Dinajpur,2012,Aman,245924.0,631882.0,1,27.72142857142857,1.5285714285714285,194.57142857142856,4.242857142857143,5.285714285714286,81.57142857142857,0.5151314285714286
Dinajpur,2012,Boro,172213.0,695519.0,2,24.507142857142853,1.5714285714285714,21.428571428571427,1.828571428571429,6.485714285714287,72.71428571428571,0.45017714285714294
Dinajpur,2013,Aus,3838.0,8411.0,0,30.316666666666666,1.8,221.0,4.716666666666667,5.900000000000001,77.0,0.550245
Dinajpur,2013,Aman,247250.0,652120.0,1,28.042857142857148,1.7428571428571429,226.42857142857144,4.242857142857143,5.414285714285716,82.0,0.5372871428571429
Dinajpur,2013,Boro,174484.0,717878.0,2,24.614285714285714,1.7571428571428571,34.57142857142857,2.1,6.314285714285715,74.42857142857143,0.46943857142857137
Dinajpur,2014,Aus,4883.0,11216.0,0,28.915266036987305,2.107318639755249,237.12489318847656,4.508772373199463,6.05536699295044,81.15681457519531,0.50297
Dinajpur,2014,Aman,249615.0,614367.0,1,28.167709350585934,1.6425873041152954,204.60086059570312,4.180222988128662,5.591643333435059,83.20802307128906,0.5033042857142858
Dinajpur,2014,Boro,179006.0,735364.0,2,25.602405548095703,1.67314875125885,60.48688888549805,2.0636208057403564,6.50337553024292,76.3545150756836,0.46905142857142856
Dinajpur,2015,Aus,6775.0,15748.0,0,29.80858993530273,1.9281764030456543,206.1446533203125,4.5436129570007315,6.033110618591309,79.64148712158203,0.56772
Dinajpur,2015,Aman,254661.0,636936.0,1,28.16671943664551,1.486340880393982,226.1041717529297,3.8994877338409424,5.487017154693604,80.12005615234375,0.5198585714285714
Dinajpur,2015,Boro,177522.0,726107.0,2,25.62647819519043,1.537256360054016,63.02901840209961,1.9597959518432615,6.320466995239258,71.82244110107422,0.4907228571428571
Dinajpur,2016,Aus,5208.0,11577.0,0,30.03125,2.432446956634521,232.1892547607422,4.465066909790039,6.104539394378662,78.08563232421875,0.5420716666666667
Dinajpur,2016,Aman,253203.0,644047.0,1,28.26400756835937,1.2995140552520752,233.96087646484372,4.1519317626953125,5.527449607849121,81.28811645507812,0.5225571428571429
Dinajpur,2016,Boro,176509.0,707246.0,2,25.5933837890625,1.3799185752868652,62.78020095825195,2.1116187572479252,6.294512271881104,73.81903076171875,0.4906657142857143
Dinajpur,2017,Aus,7708.0,22157.0,0,29.67615509033203,2.133842945098877,241.28216552734372,4.475931167602539,5.907561302185059,78.71569061279297,0.556545
Dinajpur,2017,Aman,256410.0,713563.0,1,28.318735122680664,1.3506067991256714,239.62493896484372,4.0577049255371085,5.539461612701416,82.7899398803711,0.5433357142857143
Dinajpur,2017,Boro,175290.0,716477.0,2,25.573034286499023,1.4211589097976685,62.72726821899414,2.0388059616088867,6.390818595886231,76.30089569091797,0.5034057142857143
Dinajpur,2018,Aus,6914.0,20324.0,0,29.575014114379886,1.6764942407608032,241.7612152099609,4.454620361328125,5.879607200622559,78.82621765136719,0.563945
Dinajpur,2018,Aman,260380.0,770155.0,1,28.344688415527344,1.4991824626922607,240.40509033203125,4.245081901550293,5.633244514465332,81.66035461425781,0.5396385714285714
Dinajpur,2018,Boro,170739.0,681567.0,2,25.564104080200195,1.472715973854065,63.15070343017578,2.07184100151062,6.408658027648926,72.57140350341797,0.4904171428571429
Faridpur,2011,Aus,7618.0,5273.0,0,30.125,2.6,232.33333333333331,4.216666666666666,6.0166666666666675,78.83333333333333,0.4800333333333333
Faridpur,2011,Aman,54894.0,108093.0,1,29.007142857142853,2.2142857142857144,174.28571428571428,3.614285714285714,5.571428571428571,82.28571428571429,0.4620471428571428
Faridpur,2011,Boro,36691.0,172527.0,2,25.264285714285712,2.2,41.285714285714285,1.6285714285714286,6.942857142857143,74.71428571428571,0.4855514285714286
Faridpur,2012,Aus,8151.0,9068.0,0,30.58333333333333,2.4166666666666665,147.0,3.716666666666667,5.95,77.66666666666667,0.5023866666666666
Faridpur,2012,Aman,58281.0,116323.0,1,28.464285714285715,2.1142857142857143,138.14285714285714,3.771428571428572,5.814285714285715,82.71428571428571,0.4914528571428571
Faridpur,2012,Boro,32257.0,145573.0,2,25.97142857142857,2.128571428571429,61.42857142857143,1.7428571428571429,6.5,74.0,0.47311857142857144
Faridpur,2013,Aus,7593.0,9273.0,0,30.66666666666666,2.3666666666666667,200.0,4.216666666666666,5.6000000000000005,78.16666666666667,0.49387
Faridpur,2013,Aman,64570.0,131451.0,1,28.607142857142854,1.914285714285714,168.57142857142858,3.814285714285714,5.428571428571429,82.57142857142857,0.5046799999999999
Faridpur,2013,Boro,32361.0,139741.0,2,25.842857142857145,2.128571428571429,65.57142857142857,1.8571428571428568,6.7142857142857135,74.28571428571429,0.4992914285714286
Faridpur,2014,Aus,6728.0,10599.0,0,29.05864524841309,2.4138894081115723,277.52359008789057,4.417356014251709,5.3909029960632315,81.94237518310547,0.5159316666666666
Faridpur,2014,Aman,19085.0,22886.0,1,28.71271705627441,1.940713167190552,229.86508178710938,4.242323398590088,5.7944512367248535,81.97761535644531,0.5143000000000001
Faridpur,2014,Boro,29495.0,120612.0,2,25.55612754821777,1.8422195911407468,63.33972549438477,2.0021538734436035,6.4384765625,76.11688995361328,0.5056614285714286
Faridpur,2015,Aus,5082.0,6609.0,0,30.21608543395996,2.146085500717163,216.0821533203125,4.105318546295166,5.705167293548584,80.70567321777344,0.49538
Faridpur,2015,Aman,19815.0,21822.0,1,28.59779930114746,1.6404263973236084,178.40403747558594,4.036149978637694,5.527907848358153,82.29495239257812,0.48484714285714287
Faridpur,2015,Boro,28618.0,116346.0,2,25.556926727294922,2.1871919631958012,62.86063003540039,1.9854345321655276,6.424009323120117,73.48973846435547,0.5097928571428572
Faridpur,2016,Aus,5485.0,7892.0,0,30.138885498046875,1.9177029132843015,235.7659149169922,3.8843159675598153,5.68541955947876,80.38062286376953,0.5219116666666667
Faridpur,2016,Aman,66209.0,155026.0,1,28.594297409057614,2.0768885612487797,209.89414978027344,4.3896517753601065,5.696363925933838,82.65589904785156,0.5033442857142856
Faridpur,2016,Boro,24139.0,100513.0,2,25.573749542236328,1.5410361289978027,63.14697265625,2.01562762260437,6.5200934410095215,73.4006118774414,0.5248414285714286
Faridpur,2017,Aus,6580.0,10192.0,0,29.42816734313965,2.048928737640381,257.59017944335943,4.149405002593993,5.592491149902344,80.68179321289062,0.5440716666666666
Faridpur,2017,Aman,82090.0,198852.0,1,28.602827072143555,2.1570818424224854,216.89321899414062,4.189610958099365,5.7063255310058585,81.73847198486328,0.5314214285714286
Faridpur,2017,Boro,27804.0,116710.0,2,25.56582450866699,1.286999225616455,63.28594207763672,2.029127836227417,6.4823365211486825,75.34677124023438,0.5424
Faridpur,2018,Aus,12293.0,15869.0,0,29.53424453735352,1.6856069564819336,229.6787414550781,3.4199769496917725,5.56276798248291,81.7346420288086,0.5326816666666666
Faridpur,2018,Aman,83298.0,215743.0,1,28.58201026916504,2.1613805294036865,204.0948486328125,4.331245422363281,5.8199992179870605,82.52529907226562,0.5384328571428572
Faridpur,2018,Boro,22738.6,86868.48,2,25.56490135192871,1.1249873638153076,63.25683975219727,2.033191680908203,6.379366397857666,71.69353485107422,0.5299600000000001
Feni,2011,Aus,12310.0,29897.0,0,29.46666666666667,2.5,426.16666666666674,5.433333333333333,5.533333333333334,85.0,0.5261283333333333
Feni,2011,Aman,65769.0,188358.0,1,28.45714285714286,1.7857142857142858,376.28571428571433,4.414285714285715,5.328571428571427,84.71428571428571,0.5528485714285714
Feni,2011,Boro,34443.0,119962.0,2,25.292857142857148,1.885714285714286,80.0,2.385714285714286,6.757142857142857,79.57142857142857,0.4852057142857143
Feni,2012,Aus,12437.0,27255.0,0,29.691666666666666,2.783333333333333,372.5,5.233333333333333,5.883333333333334,83.66666666666667,0.5347566666666667
Feni,2012,Aman,64497.0,182252.0,1,27.857142857142854,1.942857142857143,332.7142857142857,4.628571428571427,5.371428571428571,85.28571428571429,0.5439071428571429
Feni,2012,Boro,33186.0,121705.0,2,25.65,1.842857142857143,82.0,2.3714285714285714,6.614285714285713,79.0,0.48606285714285713
Feni,2013,Aus,13428.0,9968.0,0,29.516666666666666,3.0,319.8333333333333,5.383333333333334,5.666666666666668,82.16666666666667,0.520055
Feni,2013,Aman,67012.0,196532.0,1,28.33571428571429,1.957142857142857,272.7142857142857,4.542857142857144,5.4714285714285715,84.28571428571429,0.5679242857142858
Feni,2013,Boro,33163.0,121469.0,2,25.407142857142862,1.9,82.71428571428571,2.3428571428571425,6.385714285714287,77.57142857142857,0.46995285714285717
Feni,2014,Aus,11845.0,26338.0,0,29.57174873352051,3.010619640350342,83.14494323730469,4.789605617523193,5.8684563636779785,84.78910827636719,0.52644
Feni,2014,Aman,126881.0,248264.0,1,28.348180770874023,2.1160593032836914,138.81556701660156,4.63231372833252,5.59525203704834,85.04731750488281,0.57351
Feni,2014,Boro,31524.0,111634.0,2,25.565298080444336,1.592803716659546,64.48339080810547,2.1648397445678706,6.729753494262695,78.3314208984375,0.49681571428571436
Feni,2015,Aus,9623.0,20818.0,0,29.72343635559082,2.1899476051330566,331.3729553222656,4.602245330810547,5.828911304473878,84.39154052734375,0.51896
Feni,2015,Aman,126265.0,238614.0,1,28.27331924438477,1.84142005443573,334.08062744140625,4.492987632751465,5.474068641662598,84.67329406738281,0.5713342857142857
Feni,2015,Boro,31797.0,113281.0,2,25.572223663330078,1.2399338483810425,63.52278900146485,2.1973235607147217,6.238314628601074,78.72052001953125,0.51192
Feni,2016,Aus,7524.0,14768.0,0,29.752124786376953,2.2927846908569336,363.1461791992188,4.408496379852295,5.852637767791747,83.8068618774414,0.546655
Feni,2016,Aman,65952.0,176883.0,1,28.38043212890625,1.2307590246200562,371.5902404785156,4.498565196990967,5.520348072052002,84.85226440429688,0.5827742857142857
Feni,2016,Boro,29719.0,110208.0,2,25.565052032470703,1.0599039793014526,63.38164901733398,2.1094768047332764,6.239222049713135,77.97615814208984,0.5327457142857143
Feni,2017,Aus,8461.0,19259.0,0,29.77247810363769,1.933499097824097,348.5540771484375,4.4945244789123535,5.729960441589356,84.77460479736328,0.5555616666666666
Feni,2017,Aman,65215.0,174808.0,1,28.402496337890625,1.2295126914978027,396.501220703125,4.403389930725098,5.564642429351807,85.01996612548828,0.58528
Feni,2017,Boro,33480.0,121757.0,2,25.565582275390625,0.9395779371261596,63.69970703125,2.1175577640533447,6.254953384399414,79.25450134277344,0.5490814285714286
Feni,2018,Aus,11840.0,28102.0,0,29.81989097595215,2.7054481506347656,372.0657958984375,4.492926597595215,5.709500312805176,84.01668548583984,0.5664233333333334
Feni,2018,Aman,61753.0,160699.0,1,28.405460357666016,1.0694825649261477,355.8653259277344,4.374541282653809,5.632136344909668,84.91015625,0.6100014285714286
Feni,2018,Boro,26808.7,95106.9,2,25.56520271301269,0.7430297732353209,63.30640029907226,2.078895568847656,6.4644203186035165,75.28216552734375,0.53013
Jessore,2011,Aus,43338.0,106649.0,0,30.558333333333334,7.466666666666666,185.83333333333331,4.383333333333333,5.25,78.33333333333333,0.48653833333333335
Jessore,2011,Aman,135987.0,353267.0,1,28.814285714285717,5.257142857142859,166.0,3.6571428571428566,4.171428571428572,82.28571428571429,0.51022
Jessore,2011,Boro,155818.0,649269.0,2,25.33571428571429,5.514285714285713,28.57142857142857,1.7,5.8428571428571425,75.57142857142857,0.4839657142857143
Jessore,2012,Aus,40845.0,92290.0,0,31.675,8.016666666666667,144.16666666666666,3.6166666666666667,5.116666666666666,76.0,0.5136366666666666
Jessore,2012,Aman,132630.0,317470.0,1,28.74285714285714,5.457142857142856,163.85714285714286,3.5428571428571423,4.371428571428572,81.85714285714286,0.5403028571428571
Jessore,2012,Boro,154463.0,544883.0,2,26.271428571428572,5.671428571428571,31.57142857142857,1.6285714285714283,5.985714285714287,74.57142857142857,0.4813
Jessore,2013,Aus,39464.0,105021.0,0,30.84166666666667,7.333333333333332,185.0,3.983333333333333,5.416666666666668,77.0,0.5659716666666667
Jessore,2013,Aman,131698.0,317704.0,1,28.52857142857142,5.171428571428573,186.57142857142856,3.571428571428572,4.3,81.85714285714286,0.5652657142857144
Jessore,2013,Boro,158817.0,654035.0,2,25.728571428571428,5.614285714285713,52.85714285714285,1.6142857142857143,6.314285714285713,73.57142857142857,0.5146828571428571
Jessore,2014,Aus,34272.0,96397.0,0,28.84874153137207,3.3697755336761475,214.7721710205078,4.505922317504883,5.117539882659912,81.76252746582031,0.5232033333333334
Jessore,2014,Aman,130588.0,338975.0,1,28.678422927856445,2.348239660263061,190.4296417236328,3.9599726200103764,4.311540126800537,83.56275939941406,0.5497985714285714
Jessore,2014,Boro,157200.0,661229.0,2,25.55951690673828,2.9098715782165527,62.08889770507813,2.0782124996185303,5.7716145515441895,75.42160034179688,0.4950871428571428
Jessore,2015,Aus,27960.0,78144.0,0,29.65371322631836,3.0345368385314937,182.58290100097656,4.1918115615844735,4.895915508270264,81.48223114013672,0.546755
Jessore,2015,Aman,128144.1,335780.0,1,28.6455192565918,2.1809053421020512,194.26426696777344,4.116020202636719,4.381053924560547,80.35204315185547,0.5446042857142858
Jessore,2015,Boro,156116.0,652054.0,2,25.566320419311523,2.1205904483795166,62.83429718017578,2.1970925331115723,6.002102851867676,73.1835708618164,0.5208842857142857
Jessore,2016,Aus,18491.0,51160.0,0,29.8900089263916,2.388449192047119,206.4276885986328,4.4041948318481445,5.2188262939453125,80.73125457763672,0.5184983333333334
Jessore,2016,Aman,123116.0,346090.0,1,28.592443466186523,1.989360809326172,209.1764068603516,4.109314918518066,4.443683624267578,82.05289459228516,0.5176114285714285
Jessore,2016,Boro,151964.0,669014.0,2,25.57757377624512,1.87981116771698,62.7773666381836,1.7874661684036257,5.929638385772705,73.63338470458984,0.5243685714285714
Jessore,2017,Aus,20500.0,53009.0,0,29.69406890869141,3.0354435443878174,212.0334014892578,4.048533439636231,5.306539058685303,81.4529037475586,0.5506133333333333
Jessore,2017,Aman,126035.0,354584.0,1,28.59878349304199,1.8037207126617432,212.5276336669922,3.947841882705689,4.525364398956299,82.9954605102539,0.5604228571428572
Jessore,2017,Boro,160106.0,669316.0,2,25.564964294433594,1.7023307085037231,63.01948165893555,2.2014126777648926,6.066591262817383,75.67176055908203,0.5406257142857143
Jessore,2018,Aus,19455.0,49574.0,0,29.55239486694336,2.1817865371704097,208.4976806640625,4.298306465148927,5.422646045684815,81.26689147949219,0.5620716666666666
Jessore,2018,Aman,126228.0,364433.0,1,28.59140396118164,1.7880408763885498,222.02813720703125,4.017690181732179,4.597227573394775,83.95834350585938,0.5657442857142858
Jessore,2018,Boro,161981.0,749344.0,2,25.56476211547852,1.9424505233764648,63.20922088623047,2.1276252269744877,5.85444974899292,71.39103698730469,0.5322785714285714
Khulna,2011,Aus,7270.0,10584.0,0,30.8,2.2666666666666666,261.8333333333333,4.483333333333333,5.9,79.83333333333333,0.34518166666666666
Khulna,2011,Aman,83435.0,181186.0,1,29.15,1.4285714285714286,251.14285714285717,3.914285714285714,5.242857142857143,84.28571428571429,0.4307728571428572
Khulna,2011,Boro,48134.0,171587.0,2,26.264285714285712,1.5714285714285714,28.0,1.6714285714285713,7.242857142857143,76.14285714285714,0.39876857142857147
Khulna,2012,Aus,4782.0,6733.0,0,31.43333333333333,2.15,169.33333333333334,4.283333333333333,5.95,82.83333333333333,0.3550766666666667
Khulna,2012,Aman,92315.0,208539.0,1,28.87857142857143,1.5428571428571427,206.42857142857144,4.271428571428571,5.342857142857143,87.2857142857143,0.4367528571428571
Khulna,2012,Boro,46571.0,172067.0,2,26.77857142857143,1.5714285714285714,40.285714285714285,1.8857142857142857,7.328571428571428,78.85714285714286,0.40035285714285723
Khulna,2013,Aus,3951.0,5621.0,0,30.883333333333336,2.183333333333333,253.0,4.733333333333333,5.6000000000000005,82.0,0.39627999999999997
Khulna,2013,Aman,96915.0,250786.0,1,28.9,1.5857142857142856,220.7142857142857,4.314285714285715,5.2,84.85714285714286,0.46672714285714284
Khulna,2013,Boro,49204.0,198721.0,2,26.250000000000004,1.8285714285714287,74.14285714285714,2.042857142857143,7.057142857142857,77.14285714285714,0.4210985714285713
Khulna,2014,Aus,3396.0,4525.0,0,28.93476486206055,1.9011590480804443,272.60568237304693,4.3845481872558585,5.619860649108887,86.50979614257812,0.38453166666666666
Khulna,2014,Aman,100008.0,255133.0,1,29.04681968688965,1.3622292280197144,264.27536010742193,4.2779221534728995,5.572127819061278,85.16324615478516,0.46159857142857147
Khulna,2014,Boro,48030.0,178971.0,2,26.20652198791504,1.513605713844299,63.92102813720703,1.995728611946106,7.158742904663086,77.34654235839844,0.41757571428571433
Khulna,2015,Aus,2765.0,3552.0,0,30.05569648742676,2.576169729232788,206.2186584472656,4.524688243865967,5.640604972839356,83.80399322509766,0.3873516666666667
Khulna,2015,Aman,98308.0,250580.0,1,28.96404457092285,1.3176175355911257,232.01742553710938,3.987321615219116,5.2854037284851065,84.13511657714844,0.4626842857142856
Khulna,2015,Boro,49285.0,176698.0,2,25.9991512298584,1.390397548675537,62.79098892211914,2.024319887161255,6.8344478607177725,80.65121459960938,0.4216742857142857
Khulna,2016,Aus,2838.0,4035.0,0,29.981863021850586,2.1630692481994633,282.9353942871094,4.472532272338867,5.772058963775635,84.55178833007812,0.3898983333333334
Khulna,2016,Aman,94555.0,237373.0,1,28.912464141845703,1.3951891660690308,240.5823974609375,4.102323532104491,5.373856067657472,84.28096771240234,0.45672142857142856
Khulna,2016,Boro,48992.0,198901.0,2,25.81537437438965,1.492794394493103,62.577796936035156,2.037254095077514,7.033652305603027,80.99005889892578,0.4466399999999999
Khulna,2017,Aus,3280.0,4776.0,0,29.611173629760746,1.312523603439331,260.95046997070307,4.57310962677002,5.687748908996582,85.08789825439453,0.38985000000000003
Khulna,2017,Aman,95295.0,196908.0,1,28.924747467041016,1.2776291370391846,238.42041015625,4.170400619506837,5.503966808319092,84.29788970947266,0.47996428571428573
Khulna,2017,Boro,48811.0,194455.0,2,25.63743782043457,1.5217701196670532,63.42325973510742,2.0355470180511475,6.517263412475586,79.73828125,0.44874285714285705
Khulna,2018,Aus,2802.0,3974.0,0,29.49150276184082,1.4074196815490725,214.7610015869141,4.469296455383301,5.759284973144531,85.76797485351562,0.42635500000000004
Khulna,2018,Aman,95606.0,224346.0,1,28.92904090881348,1.5052531957626345,257.52105712890625,4.192037105560304,5.3174591064453125,84.3823471069336,0.4960828571428571
Khulna,2018,Boro,57459.0,269538.0,2,25.58965110778809,1.4988647699356081,63.27977752685547,2.045132160186768,6.682174205780028,79.79364776611328,0.4512357142857143
Madaripur,2011,Aus,1919.0,1784.0,0,29.866666666666664,1.4,236.66666666666663,4.216666666666667,5.8,81.83333333333333,0.49893666666666664
Madaripur,2011,Aman,27345.0,30265.0,1,28.657142857142862,0.7571428571428571,188.85714285714286,3.7,5.014285714285714,85.0,0.49958857142857144
Madaripur,2011,Boro,42329.0,181402.0,2,25.157142857142862,1.1428571428571428,41.57142857142857,1.5857142857142856,6.914285714285714,79.14285714285714,0.5136628571428572
Madaripur,2012,Aus,2183.0,1998.0,0,30.26666666666667,1.15,167.5,4.05,5.716666666666666,81.33333333333333,0.5019716666666666
Madaripur,2012,Aman,25952.0,30783.0,1,28.242857142857147,0.6857142857142858,174.85714285714286,3.8,5.271428571428571,84.85714285714286,0.4929185714285715
Madaripur,2012,Boro,40566.0,168079.0,2,25.685714285714287,0.6428571428571429,58.42857142857143,1.6714285714285717,6.585714285714286,78.57142857142857,0.5024642857142858
Madaripur,2013,Aus,2286.0,3341.0,0,30.200000000000006,0.5,262.8333333333333,4.283333333333334,5.800000000000002,81.66666666666667,0.5225083333333334
Madaripur,2013,Aman,22637.0,31882.0,1,28.407142857142862,0.2571428571428572,193.0,3.7428571428571433,5.6000000000000005,84.28571428571429,0.5344314285714286
Madaripur,2013,Boro,40456.0,164460.0,2,25.45,0.4,115.0,1.7714285714285716,6.842857142857143,77.85714285714286,0.5290628571428571
Madaripur,2014,Aus,1520.0,2031.0,0,29.254812240600586,1.3977313041687012,256.9935302734375,4.359506607055663,6.080977439880371,82.57672882080078,0.527595
Madaripur,2014,Aman,39266.0,91527.0,1,28.47472381591797,0.7056942582130432,208.1389617919922,4.2322731018066415,5.5693888664245605,84.95152282714844,0.54359
Madaripur,2014,Boro,39251.0,166069.0,2,25.562915802001953,1.5897884368896484,66.73605346679689,2.0251057147979736,6.2198219299316415,79.37023162841797,0.51332
Madaripur,2015,Aus,1411.0,1918.0,0,29.89047622680664,1.9491933584213257,206.7246398925781,4.476485729217528,6.1300787925720215,80.579345703125,0.5124983333333333
Madaripur,2015,Aman,36032.0,79512.0,1,28.41384696960449,0.6911357641220093,199.9821014404297,4.0169830322265625,5.238891124725342,84.39567565917969,0.5113385714285714
Madaripur,2015,Boro,38624.0,166198.0,2,25.57142448425293,1.8553884029388428,62.93753051757813,2.058349609375,6.418821334838867,77.2890853881836,0.5323971428571428
Madaripur,2016,Aus,1500.0,2667.0,0,30.09967994689941,1.4229761362075806,285.6806640625,4.153003215789795,5.744709491729736,81.0644760131836,0.5292866666666667
Madaripur,2016,Aman,25844.0,41806.0,1,28.454933166503906,1.9944291114807131,218.26856994628903,4.4460225105285645,5.314527988433838,84.70746612548828,0.5213542857142858
Madaripur,2016,Boro,32519.0,145625.0,2,25.56497573852539,1.8648937940597532,61.094993591308594,1.914741277694702,6.294383525848389,78.90017700195312,0.5507614285714286
Madaripur,2017,Aus,1525.0,2171.0,0,29.63302230834961,1.3797838687896729,285.5065612792969,4.423362255096436,5.9341983795166025,80.74494934082031,0.5378066666666667
Madaripur,2017,Aman,26511.0,46016.0,1,28.472797393798828,1.7576091289520264,227.40887451171875,4.202293872833252,5.245562553405762,84.69727325439453,0.5380014285714285
Madaripur,2017,Boro,33677.0,147047.0,2,25.565387725830078,1.7329384088516235,64.54487609863281,2.120135545730591,6.42816972732544,81.00389862060547,0.5550114285714286
Madaripur,2018,Aus,1402.0,1808.0,0,29.73345375061035,1.4287375211715698,217.5220947265625,4.3310723304748535,5.848035335540772,81.78059387207031,0.5307399999999999
Madaripur,2018,Aman,26463.0,43480.0,1,28.469282150268555,1.827841877937317,232.63771057128903,4.265857219696045,5.544520854949951,84.69347381591797,0.5502957142857143
Madaripur,2018,Boro,35157.4,145874.4,2,25.565216064453125,1.443431377410889,63.42486953735352,2.0617165565490723,6.376541614532472,79.43595886230469,0.5350585714285714
Maulvibazar,2011,Aus,23478.0,58390.0,0,29.05,2.65,309.3333333333333,5.033333333333334,5.4,80.0,0.5447566666666667
Maulvibazar,2011,Aman,95406.0,266727.0,1,28.014285714285712,2.342857142857143,184.28571428571428,4.142857142857143,5.6571428571428575,83.42857142857143,0.5787957142857143
Maulvibazar,2011,Boro,42826.0,128647.0,2,24.07857142857143,2.6,108.57142857142857,2.2,6.642857142857142,78.0,0.49585999999999997
Maulvibazar,2012,Aus,27089.0,64335.0,0,29.45,3.3000000000000003,261.8333333333333,4.8500000000000005,5.716666666666666,78.66666666666667,0.5586783333333333
Maulvibazar,2012,Aman,109023.0,285424.0,1,27.65,2.5,192.7142857142857,4.614285714285714,4.9,84.57142857142857,0.5791999999999999
Maulvibazar,2012,Boro,46755.0,135954.0,2,24.52857142857143,3.1142857142857143,85.57142857142857,2.385714285714286,6.3,76.57142857142857,0.4764914285714285
Maulvibazar,2013,Aus,28172.0,75584.0,0,29.350000000000005,2.8833333333333333,322.1666666666667,5.016666666666667,5.5166666666666675,79.33333333333333,0.54038
Maulvibazar,2013,Aman,100996.0,263539.0,1,28.035714285714285,2.142857142857143,203.57142857142856,4.342857142857143,5.357142857142857,83.85714285714286,0.59389
Maulvibazar,2013,Boro,47776.0,146683.0,2,24.292857142857148,2.6714285714285717,133.85714285714286,2.185714285714285,6.671428571428572,77.0,0.4949571428571428
Maulvibazar,2014,Aus,31116.0,81801.0,0,29.400264739990234,3.080439805984497,269.81979370117193,4.777148723602295,5.659506320953369,74.33489227294922,0.55562
Maulvibazar,2014,Aman,66148.0,187203.0,1,28.137460708618164,1.8852012157440183,204.0865631103516,4.541774272918701,5.475760459899902,84.16980743408203,0.5803957142857143
Maulvibazar,2014,Boro,50546.0,165083.0,2,25.59681701660156,2.551896333694458,74.2232437133789,2.1958248615264893,6.406004905700684,80.66690063476562,0.5205942857142858
Maulvibazar,2015,Aus,37339.0,102602.0,0,29.42259407043457,2.5309128761291504,267.91534423828125,4.89768648147583,5.636383056640625,71.03730010986328,0.5331916666666666
Maulvibazar,2015,Aman,66271.0,177615.0,1,28.149024963378906,1.9014103412628172,218.0486602783203,4.2217140197753915,5.5852012634277335,83.71194458007812,0.5669542857142857
Maulvibazar,2015,Boro,49306.0,172134.0,2,25.63559150695801,2.348805904388428,68.15640258789061,2.1320264339447017,6.2539005279541025,78.6441421508789,0.5016314285714285
Maulvibazar,2016,Aus,40455.0,112836.0,0,29.55058860778809,1.8961471319198608,279.17477416992193,4.760650157928467,5.620016098022461,71.71713256835938,0.5378366666666666
Maulvibazar,2016,Aman,98841.0,254963.0,1,28.25287628173828,1.6778440475463867,227.2709045410156,4.442139148712158,5.195549488067627,84.0736083984375,0.5838057142857143
Maulvibazar,2016,Boro,39289.0,132412.0,2,25.59973526000977,2.44347882270813,60.76994705200195,2.1115498542785645,6.521934509277344,77.33768463134766,0.5294914285714286
Maulvibazar,2017,Aus,45777.0,118875.0,0,29.61058807373047,2.0112199783325195,261.8824462890625,4.7594313621521,5.660691261291504,72.87286376953125,0.5192083333333333
Maulvibazar,2017,Aman,97890.0,265917.0,1,28.30644607543945,1.8654624223709104,235.03781127929688,4.421017646789551,5.237171649932861,83.89226531982422,0.5734242857142856
Maulvibazar,2017,Boro,52943.0,179313.0,2,25.579036712646484,2.2888965606689453,65.70160675048828,2.0916471481323238,6.212803363800049,78.92536926269531,0.5254114285714286
Maulvibazar,2018,Aus,56723.0,153990.0,0,29.66183662414551,2.2016937732696533,285.2527160644531,4.734044075012207,5.124198913574219,71.94792175292969,0.5555966666666666
Maulvibazar,2018,Aman,105107.0,301451.0,1,28.336225509643555,1.6611207723617554,240.42567443847656,4.421100616455078,5.201003074645996,83.96207427978516,0.6155771428571428
Maulvibazar,2018,Boro,52650.0,167550.0,2,25.56379127502441,1.9132075309753416,63.61543655395508,2.0773282051086426,6.0909481048583975,79.53052520751953,0.5417042857142856
Mymensingh,2011,Aus,54033.0,108383.0,0,29.23333333333333,2.1333333333333333,312.3333333333333,5.166666666666667,5.4,82.0,0.5051333333333333
Mymensingh,2011,Aman,270347.0,568546.0,1,28.392857142857146,1.4714285714285713,254.7142857142857,4.314285714285714,5.242857142857143,84.71428571428571,0.5190371428571429
Mymensingh,2011,Boro,261499.0,966869.0,2,24.27857142857143,1.6857142857142855,52.0,2.357142857142857,6.257142857142857,79.14285714285714,0.4915242857142857
Mymensingh,2012,Aus,39131.0,75085.0,0,29.60833333333333,2.1666666666666665,196.0,5.133333333333334,5.533333333333334,81.33333333333333,0.5267733333333333
Mymensingh,2012,Aman,266019.0,575001.0,1,28.12142857142857,1.4428571428571428,167.57142857142858,4.828571428571427,4.314285714285715,84.85714285714286,0.5318057142857142
Mymensingh,2012,Boro,262040.0,936015.0,2,24.771428571428572,1.5,46.42857142857143,2.4428571428571426,5.7285714285714295,78.71428571428571,0.46816
Mymensingh,2013,Aus,30579.0,63482.0,0,29.73333333333333,2.333333333333333,221.0,5.166666666666667,4.749999999999999,81.33333333333333,0.5233216666666667
Mymensingh,2013,Aman,256843.0,563878.0,1,28.42142857142857,1.5285714285714285,189.0,4.6000000000000005,4.628571428571427,83.71428571428571,0.5461528571428571
Mymensingh,2013,Boro,261809.0,1076409.0,2,25.064285714285717,1.6285714285714286,59.42857142857143,2.2,5.314285714285715,78.28571428571429,0.4885128571428571
Mymensingh,2014,Aus,26570.0,62927.0,0,29.55013084411621,1.5495542287826538,261.55294799804693,4.7777061462402335,4.912196159362793,83.15558624267578,0.49754500000000007
Mymensingh,2014,Aman,83285.0,172290.0,1,28.399770736694336,1.2917168140411377,231.52560424804688,4.588813781738281,4.648799419403076,84.77739715576172,0.5214357142857143
Mymensingh,2014,Boro,177744.0,702751.0,2,25.602275848388672,1.5988342761993408,63.18116760253906,2.2266621589660645,5.131666660308838,80.44331359863281,0.48214000000000007
Mymensingh,2015,Aus,23288.0,57140.0,0,29.637962341308594,1.1820015907287598,231.67495727539062,4.899974822998047,4.700188636779785,80.0599594116211,0.5239283333333333
Mymensingh,2015,Aman,88231.0,190452.0,1,28.36937522888184,1.54018235206604,195.4435577392578,4.538008689880371,4.776525020599365,84.06678771972656,0.5373271428571428
Mymensingh,2015,Boro,179707.0,722996.0,2,25.610292434692386,1.555899143218994,63.18386840820313,2.1426129341125493,5.266228675842285,78.89193725585938,0.48158571428571434
Mymensingh,2016,Aus,20948.0,51783.0,0,29.79059219360352,1.1080664396286009,236.98809814453125,4.778335571289063,5.109340190887451,80.18141174316406,0.5295433333333334
Mymensingh,2016,Aman,261184.0,646505.0,1,28.43464088439941,1.3615331649780271,220.22462463378903,4.593024253845215,4.768517971038818,84.29875183105469,0.5406228571428572
Mymensingh,2016,Boro,263271.0,1072834.0,2,25.579355239868164,1.41723895072937,62.96929168701172,2.1240401268005367,5.653032779693604,78.7221450805664,0.5037242857142857
Mymensingh,2017,Aus,16626.0,46998.0,0,29.78270530700684,0.9585213661193848,238.5933532714844,4.698866367340088,5.023563861846924,81.20491790771484,0.5226083333333333
Mymensingh,2017,Aman,259040.0,677160.0,1,28.442806243896484,1.287663221359253,230.2275848388672,4.475598335266113,4.9432759284973145,84.04217529296875,0.5460157142857144
Mymensingh,2017,Boro,266243.0,1107015.0,2,25.56684684753418,1.4093602895736694,63.14746475219727,2.098313570022583,5.51264238357544,79.62371063232422,0.5218585714285714
Mymensingh,2018,Aus,15625.0,41708.0,0,29.79698944091797,0.8596590161323547,258.3724365234375,4.7174720764160165,4.980766296386719,78.64618682861328,0.55805
Mymensingh,2018,Aman,267877.0,648376.0,1,28.44746398925781,1.3123737573623655,227.3296356201172,4.467947006225586,4.941128730773926,84.34285736083984,0.5797028571428571
Mymensingh,2018,Boro,256441.0,1018506.0,2,25.564678192138672,1.5167416334152222,63.23796463012695,2.0828473567962646,5.513676643371582,77.45633697509766,0.5196671428571429
Nilphamari,2011,Aus,0.0,0.0,0,29.61666666666667,4.133333333333334,258.6666666666667,4.283333333333334,5.916666666666668,79.0,0.5520466666666667
Nilphamari,2011,Aman,105097.0,281714.0,1,28.378571428571423,4.0,215.7142857142857,3.685714285714286,5.628571428571428,81.71428571428571,0.5085928571428572
Nilphamari,2011,Boro,80653.0,314327.0,2,24.328571428571426,3.9571428571428577,54.42857142857143,2.0571428571428574,6.071428571428571,76.71428571428571,0.487
Nilphamari,2012,Aus,0.0,0.0,0,30.066666666666666,4.25,187.16666666666663,3.9166666666666665,5.5166666666666675,76.5,0.5558783333333334
Nilphamari,2012,Aman,109115.0,306654.0,1,27.907142857142855,3.814285714285714,219.42857142857144,4.042857142857144,4.971428571428572,82.28571428571429,0.5234500000000001
Nilphamari,2012,Boro,812571.0,319184.0,2,24.514285714285712,4.171428571428572,36.285714285714285,1.9,5.8571428571428585,74.0,0.4580457142857143
Nilphamari,2013,Aus,0.0,0.0,0,30.241666666666664,4.249999999999999,201.66666666666663,4.216666666666667,5.816666666666666,77.83333333333333,0.5726483333333333
Nilphamari,2013,Aman,105467.0,276585.0,1,28.47142857142857,4.014285714285714,205.85714285714286,3.871428571428572,5.685714285714287,82.57142857142857,0.5481757142857143
Nilphamari,2013,Boro,82697.0,331808.0,2,24.57142857142857,3.814285714285714,40.142857142857146,2.0571428571428574,5.985714285714287,75.28571428571429,0.48481
Nilphamari,2014,Aus,0.0,0.0,0,29.958459854125977,1.4360239505767822,303.51605224609375,4.443217277526856,4.918224811553955,80.98783874511719,0.5173049999999999
Nilphamari,2014,Aman,106684.0,302918.0,1,28.384632110595703,0.919347047805786,242.94921875,4.4957804679870605,5.5740065574646,81.0154037475586,0.5124571428571428
Nilphamari,2014,Boro,82185.0,359308.0,2,25.608821868896484,1.615315318107605,61.23849868774414,2.0276546478271484,6.164779186248778,76.63239288330078,0.47828571428571426
Nilphamari,2015,Aus,373.0,551.0,0,29.93541145324707,1.5367356538772583,207.3605499267578,4.108761787414552,5.721466064453125,78.18038177490234,0.5616333333333333
Nilphamari,2015,Aman,108130.0,297497.0,1,28.31671524047852,1.0151164531707764,238.2528381347656,4.167448043823241,5.65855073928833,82.03441619873047,0.5227914285714286
Nilphamari,2015,Boro,81078.0,352182.0,2,25.62621307373047,1.6436699628829956,63.07255172729492,2.0398497581481934,6.049237251281737,73.01412963867188,0.5023785714285715
Nilphamari,2016,Aus,117.0,183.0,0,30.14816665649414,1.3211286067962646,216.47906494140625,4.117493629455566,5.336165428161621,78.89805603027344,0.5452266666666667
Nilphamari,2016,Aman,108264.0,301775.0,1,28.42365837097168,0.9860129356384276,240.3481903076172,4.344777584075929,5.500672340393066,82.6093521118164,0.5269357142857143
Nilphamari,2016,Boro,80408.0,338249.0,2,25.59391593933105,1.3817166090011597,62.95964431762695,2.043529748916626,5.851315498352051,74.99224853515625,0.5130571428571429
Nilphamari,2017,Aus,406.0,1154.0,0,30.171558380126953,1.1036964654922483,277.47509765625,4.1629977226257315,5.598020553588867,77.76578521728516,0.5776100000000001
Nilphamari,2017,Aman,111808.0,317680.0,1,28.42737197875977,0.8787403702735901,238.6502685546875,3.9339978694915767,5.712941646575928,80.73048400878906,0.5576357142857142
Nilphamari,2017,Boro,101166.0,411224.0,2,25.57372856140137,1.1998234987258911,62.82145690917969,2.044769763946533,5.876201152801514,76.98174285888672,0.5271
Nilphamari,2018,Aus,409.0,1116.0,0,30.00178337097168,1.0283025503158572,226.98577880859372,3.995148181915283,5.436195373535156,79.609619140625,0.5836766666666666
Nilphamari,2018,Aman,112475.0,338997.0,1,28.42855834960937,0.9272151589393616,252.19281005859372,4.183038234710693,3.1310749053955083,81.10543823242188,0.5637700000000001
Nilphamari,2018,Boro,83411.0,355759.0,2,25.56407928466797,1.2199444770812988,63.17323684692383,2.046946287155152,5.978147983551025,74.32791137695312,0.50422
Noakhali,2011,Aus,59034.0,96321.0,0,29.90833333333333,3.65,453.16666666666674,5.233333333333333,5.283333333333333,83.66666666666667,0.46561666666666673
Noakhali,2011,Aman,118739.0,220437.0,1,28.99285714285714,3.1714285714285717,397.8571428571428,4.542857142857144,4.685714285714285,84.85714285714286,0.5234914285714286
Noakhali,2011,Boro,59187.0,229450.0,2,25.764285714285712,3.1714285714285717,64.14285714285714,2.2142857142857144,6.414285714285714,78.28571428571429,0.46797428571428573
Noakhali,2012,Aus,57301.0,94064.0,0,30.34166666666667,3.0,325.5,4.916666666666667,5.166666666666667,83.33333333333333,0.4693066666666666
Noakhali,2012,Aman,124557.0,234188.0,1,28.55,2.4714285714285715,266.14285714285717,4.5,5.0,84.42857142857143,0.5006671428571429
Noakhali,2012,Boro,58581.0,232473.0,2,26.02857142857143,2.9857142857142853,90.28571428571428,2.2,6.357142857142858,78.85714285714286,0.4648871428571429
Noakhali,2013,Aus,57854.0,93622.0,0,30.175,4.366666666666667,410.5,5.366666666666667,5.2,81.16666666666667,0.4918766666666666
Noakhali,2013,Aman,124201.0,235917.0,1,28.807142857142853,3.7,328.0,4.8,5.114285714285714,83.42857142857143,0.5486585714285714
Noakhali,2013,Boro,61832.0,259655.0,2,26.128571428571423,3.6285714285714286,106.85714285714286,2.4142857142857146,6.442857142857143,75.85714285714286,0.47263285714285713
Noakhali,2014,Aus,53722.0,93409.0,0,29.44105339050293,2.261350154876709,267.62124633789057,4.758302688598633,5.634398937225343,82.8774642944336,0.49209499999999995
Noakhali,2014,Aman,62679.0,146601.0,1,28.858137130737305,1.737863063812256,199.3017120361328,4.4324307441711435,5.317259311676025,84.25887298583984,0.5573642857142858
Noakhali,2014,Boro,59816.0,262472.0,2,25.63820075988769,3.3856775760650635,65.47708892822266,2.1097478866577153,6.552863121032715,76.54795837402344,0.4962314285714286
Noakhali,2015,Aus,46074.0,82632.0,0,29.91630935668945,2.137366771697998,244.61441040039062,4.715250015258789,5.654289722442628,83.42093658447266,0.47034666666666664
Noakhali,2015,Aman,65438.0,150378.0,1,28.71761703491211,1.59471333026886,179.72669982910156,4.636847972869873,5.525443077087402,83.92390441894531,0.5419814285714286
Noakhali,2015,Boro,57858.0,262818.0,2,25.5666561126709,2.1634204387664795,62.88627243041992,2.210869550704956,6.362427234649657,79.73827362060547,0.5050971428571429
Noakhali,2016,Aus,42307.0,72881.0,0,30.17591094970703,1.9311882257461548,206.53363037109372,4.553133964538574,5.6041831970214835,82.53572082519531,0.4731083333333333
Noakhali,2016,Aman,127116.0,253264.0,1,28.70665740966797,1.643409252166748,218.3412322998047,4.472895622253418,5.516502857208252,83.78433227539062,0.5425942857142857
Noakhali,2016,Boro,59809.0,269706.0,2,25.589452743530273,2.179058313369751,62.68603515625,2.1064937114715576,6.337059497833253,76.06375885009766,0.49548
Noakhali,2017,Aus,37321.0,90132.0,0,29.721363067626953,1.8001444339752195,243.32569885253903,4.653645515441895,5.529835224151611,82.51343536376953,0.5097433333333333
Noakhali,2017,Aman,144652.0,324630.0,1,28.718812942504886,1.4529718160629272,213.81930541992188,4.688006401062012,5.323270320892334,83.68787384033203,0.5738257142857143
Noakhali,2017,Boro,76035.0,356197.0,2,25.570241928100586,2.060379266738892,64.37258148193361,2.1200635433197017,6.444304466247559,77.0811538696289,0.5132042857142858
Noakhali,2018,Aus,38483.0,88331.0,0,29.82695770263672,1.663187861442566,288.5151062011719,4.5299034118652335,5.19281530380249,83.07394409179688,0.5068066666666667
Noakhali,2018,Aman,147200.0,328736.0,1,28.68673515319824,1.3537755012512207,216.2047119140625,4.47446870803833,5.289543151855469,84.03600311279297,0.5716642857142856
Noakhali,2018,Boro,63448.5,312045.5,2,25.56415557861328,2.70841646194458,63.38866424560547,2.0794813632965092,6.4401493072509775,79.0667953491211,0.49983571428571427
Pabna,2011,Aus,22462.0,33050.0,0,30.34166666666667,2.3666666666666667,244.66666666666663,4.716666666666667,6.183333333333333,77.83333333333333,0.43950500000000003
Pabna,2011,Aman,85961.0,182107.0,1,28.464285714285715,2.0571428571428574,207.14285714285717,3.9142857142857146,5.485714285714287,83.14285714285714,0.42134571428571427
Pabna,2011,Boro,68561.0,284993.0,2,24.807142857142853,2.3142857142857145,40.857142857142854,1.9714285714285715,6.628571428571428,75.85714285714286,0.4569285714285714
Pabna,2012,Aus,21934.0,30776.0,0,31.625,2.3166666666666664,102.33333333333331,4.15,6.416666666666668,76.16666666666667,0.4529383333333333
Pabna,2012,Aman,86771.0,185035.0,1,28.407142857142862,1.8714285714285717,132.14285714285714,4.257142857142857,5.485714285714287,84.85714285714286,0.4588857142857144
Pabna,2012,Boro,70605.0,296244.0,2,25.557142857142853,2.157142857142857,34.0,1.9142857142857144,6.814285714285713,73.28571428571429,0.42670571428571424
Pabna,2013,Aus,23138.0,37391.0,0,30.808333333333334,2.2,143.83333333333334,4.65,5.966666666666668,76.66666666666667,0.46346333333333334
Pabna,2013,Aman,79005.0,166802.0,1,28.342857142857138,2.128571428571429,123.28571428571428,4.128571428571428,5.842857142857143,83.14285714285714,0.4675714285714286
Pabna,2013,Boro,70310.0,294646.0,2,25.07142857142857,2.2,38.0,1.9714285714285715,6.585714285714286,74.85714285714286,0.46023285714285705
Pabna,2014,Aus,20466.0,33782.0,0,29.01213073730469,2.511279582977295,217.2018280029297,4.470729351043701,5.835754871368407,79.97669219970703,0.47015333333333337
Pabna,2014,Aman,89388.0,190075.0,1,28.41712951660156,1.479424238204956,394.05364990234375,4.287627696990967,5.758177280426025,83.15032196044922,0.4834271428571429
Pabna,2014,Boro,69400.0,277632.0,2,25.571083068847656,2.066293716430664,60.81825637817383,2.0299818515777592,6.4125752449035645,76.3720474243164,0.4695428571428572
Pabna,2015,Aus,14197.0,25904.0,0,29.628314971923828,2.0417582988739014,189.08140563964844,4.662874698638916,6.040141105651856,77.43762969970703,0.48983333333333334
Pabna,2015,Aman,92074.0,194335.0,1,28.43392944335937,1.1899082660675049,223.97525024414062,4.0960693359375,5.779857635498048,82.70056915283203,0.48201857142857146
Pabna,2015,Boro,68665.0,272865.0,2,25.59099006652832,1.8036110401153564,62.86288833618164,2.010497093200684,6.6231136322021475,71.41889953613281,0.4834014285714286
Pabna,2016,Aus,14168.0,25867.0,0,29.90082550048828,2.216794013977051,167.95350646972656,4.5161848068237305,6.204868793487549,77.00756072998047,0.4816116666666666
Pabna,2016,Aman,91540.0,196395.0,1,28.43558692932129,1.0427823066711426,287.27783203125,4.271400451660156,5.694328308105469,82.00765991210938,0.4749085714285715
Pabna,2016,Boro,60554.0,241412.0,2,25.567855834960934,2.5602142810821533,62.92091369628906,2.043243408203125,6.160787105560303,74.0987319946289,0.4828857142857142
Pabna,2017,Aus,16974.0,37653.0,0,29.71476554870605,2.0508272647857666,195.570068359375,4.525527000427246,6.0576229095458975,79.15229797363281,0.5091233333333333
Pabna,2017,Aman,94727.0,204045.0,1,28.45724678039551,0.8797866106033325,307.96734619140625,4.149244785308838,5.707139492034912,82.45853424072266,0.5047857142857143
Pabna,2017,Boro,56317.0,225208.0,2,25.567951202392575,2.2397589683532715,62.78933715820313,2.0330698490142822,6.23891544342041,76.57404327392578,0.5089785714285714
Pabna,2018,Aus,15614.0,33819.0,0,29.646053314208984,1.5664309263229368,194.3677520751953,4.443618297576903,5.872661590576173,77.27696990966797,0.49859499999999995
Pabna,2018,Aman,88965.0,193696.0,1,28.46723747253418,0.7810832858085632,211.35704040527344,4.267811298370361,5.7076072692871085,83.15531158447266,0.50873
Pabna,2018,Boro,54658.7,205636.0,2,25.5650634765625,1.201526403427124,63.1646842956543,2.0477650165557857,6.023207664489746,74.40470886230469,0.5165685714285714
Patuakhali,2011,Aus,67030.0,132169.0,0,30.3,2.1333333333333333,320.3333333333333,4.783333333333334,5.7666666666666675,84.66666666666667,0.37210666666666664
Patuakhali,2011,Aman,205776.0,339887.0,1,29.085714285714282,1.7428571428571429,311.85714285714283,4.114285714285715,5.200000000000001,88.14285714285714,0.4639600000000001
Patuakhali,2011,Boro,3861.0,9494.0,2,26.107142857142858,1.914285714285714,33.857142857142854,2.085714285714286,7.428571428571429,80.85714285714286,0.3809242857142857
Patuakhali,2012,Aus,60719.0,111964.0,0,30.55833333333333,1.9,220.83333333333331,4.566666666666666,5.75,85.16666666666667,0.37826166666666666
Patuakhali,2012,Aman,205502.0,361170.0,1,28.52857142857143,1.9,239.85714285714286,4.514285714285714,5.214285714285714,87.7142857142857,0.4399342857142857
Patuakhali,2012,Boro,3140.0,7746.0,2,26.407142857142862,2.0285714285714285,41.0,2.0571428571428574,7.328571428571428,81.0,0.39340571428571425
Patuakhali,2013,Aus,60314.0,105251.0,0,30.366666666666664,2.433333333333333,326.6666666666667,4.949999999999998,5.683333333333334,84.33333333333333,0.38561
Patuakhali,2013,Aman,202628.0,350174.0,1,28.521428571428572,1.9142857142857144,284.14285714285717,4.385714285714285,5.385714285714287,87.0,0.47074857142857146
Patuakhali,2013,Boro,2706.0,6380.0,2,26.235714285714288,2.3714285714285714,95.57142857142857,2.3000000000000003,7.2142857142857135,78.71428571428571,0.37686285714285717
Patuakhali,2014,Aus,58443.0,115113.0,0,29.97265434265137,1.73561429977417,248.98069763183597,4.6852335929870605,5.722921848297119,76.98286437988281,0.42640666666666666
Patuakhali,2014,Aman,203463.0,358070.0,1,28.758604049682614,1.5948787927627563,271.867919921875,4.2904157638549805,5.213428974151611,85.62567901611328,0.4860614285714286
Patuakhali,2014,Boro,2156.0,4842.0,2,25.98594665527344,1.4852681159973145,65.77424621582031,2.0899548530578613,6.973912715911865,79.10509490966797,0.4178285714285715
Patuakhali,2015,Aus,43079.0,88749.0,0,30.35577774047852,1.333588719367981,273.9964599609375,4.621893882751465,5.732604503631593,76.06278228759766,0.39753
Patuakhali,2015,Aman,202937.0,383024.0,1,28.629926681518555,1.356903910636902,234.5145263671875,4.190896987915038,5.1373562812805185,86.57549285888672,0.49101428571428574
Patuakhali,2015,Boro,1582.0,3295.0,2,25.71488380432129,1.0056945085525513,62.71303939819336,2.1498670578002934,7.052111625671388,81.23418426513672,0.3920885714285714
Patuakhali,2016,Aus,32180.0,66213.0,0,30.626934051513672,1.2383127212524414,305.82855224609375,4.5649380683898935,5.7465758323669425,75.49298095703125,0.3934566666666666
Patuakhali,2016,Aman,205468.0,395482.0,1,28.59430313110352,1.2485071420669556,239.32916259765625,4.356893539428712,5.214436531066895,86.37620544433594,0.4519742857142858
Patuakhali,2016,Boro,923.0,2446.0,2,25.659624099731445,0.9837554693222046,61.85772705078125,2.0866825580596924,6.887955665588379,81.3650894165039,0.42469714285714283
Patuakhali,2017,Aus,28729.0,66094.0,0,30.168031692504886,1.0973490476608276,255.4501495361328,4.7222023010253915,5.403208255767822,77.74332427978516,0.4124116666666667
Patuakhali,2017,Aman,201213.0,383054.0,1,28.61191177368164,1.386505365371704,269.23974609375,4.3180460929870605,5.567054748535156,86.63579559326172,0.4870885714285714
Patuakhali,2017,Boro,1075.0,2421.0,2,25.58959770202637,0.8894287943840027,63.9165153503418,2.0942749977111816,6.916637420654298,81.17367553710938,0.41038857142857144
Patuakhali,2018,Aus,30374.0,67620.0,0,30.1641788482666,0.9950795769691468,254.1228485107422,4.514124870300293,5.788328647613525,79.89347076416016,0.43831166666666665
Patuakhali,2018,Aman,171119.0,323902.0,1,28.59589958190918,1.3967115879058838,252.86680603027344,4.4553256034851065,5.53031063079834,86.23956298828125,0.5024471428571429
Patuakhali,2018,Boro,1048.93,2763.006,2,25.56661605834961,0.866873562335968,63.3580207824707,2.0665688514709477,6.8226752281188965,80.65251922607422,0.4099742857142857
Rajshahi,2011,Aus,43585.0,106330.0,0,30.475,2.1666666666666665,205.0,4.1000000000000005,6.183333333333333,79.5,0.4510233333333333
Rajshahi,2011,Aman,72864.0,185350.0,1,28.457142857142852,1.885714285714286,168.28571428571428,3.6142857142857143,5.5857142857142845,84.28571428571429,0.4485514285714286
Rajshahi,2011,Boro,76502.0,311571.0,2,24.82857142857143,2.0000000000000004,42.57142857142857,1.5285714285714285,6.857142857142858,76.71428571428571,0.44750428571428563
Rajshahi,2012,Aus,37823.0,95161.0,0,31.75,2.0,129.33333333333334,3.85,6.416666666666668,74.5,0.4860283333333333
Rajshahi,2012,Aman,69235.0,196897.0,1,28.664285714285718,1.8571428571428568,144.57142857142858,4.242857142857143,5.4,83.28571428571429,0.5016685714285714
Rajshahi,2012,Boro,74714.0,302834.0,2,25.564285714285717,1.957142857142857,36.285714285714285,1.8571428571428568,6.842857142857143,71.85714285714286,0.4338828571428572
Rajshahi,2013,Aus,37260.0,95889.0,0,31.241666666666664,2.3666666666666667,130.66666666666666,4.15,6.0,77.0,0.4676
Rajshahi,2013,Aman,67750.0,189894.0,1,28.771428571428572,2.142857142857143,139.28571428571428,3.885714285714286,5.700000000000001,83.28571428571429,0.5015
Rajshahi,2013,Boro,73136.0,286350.0,2,25.54285714285714,2.185714285714286,39.0,1.6857142857142855,6.585714285714286,74.14285714285714,0.44987714285714286
Rajshahi,2014,Aus,38887.0,111467.0,0,28.9218692779541,1.564992070198059,431.8599853515625,4.092437744140625,5.678682804107666,79.79338073730469,0.46282
Rajshahi,2014,Aman,68926.0,199696.0,1,28.61953544616699,1.3203091621398926,415.1686706542969,4.4298057556152335,5.680553913116455,83.30699920654297,0.4847942857142857
Rajshahi,2014,Boro,72458.0,298819.0,2,25.56675148010254,1.2653030157089231,60.81135559082031,2.1463346481323238,6.7235474586486825,76.48640441894531,0.46375428571428573
Rajshahi,2015,Aus,39854.0,112737.0,0,29.950138092041016,1.2723593711853027,232.77496337890625,4.437888622283936,6.103926181793213,77.78460693359375,0.5199333333333332
Rajshahi,2015,Aman,71828.0,209258.0,1,28.623083114624023,0.9408904910087584,205.44842529296875,4.31783390045166,5.607705116271973,83.34675598144531,0.5154171428571428
Rajshahi,2015,Boro,70072.0,284455.0,2,25.573204040527344,0.7981646656990051,62.87298202514648,2.2068722248077397,6.218242168426514,74.16671752929688,0.4785857142857143
Rajshahi,2016,Aus,38824.0,103737.0,0,29.961122512817386,1.1544978618621826,282.9143371582031,4.064112186431885,5.983358860015869,75.94405364990234,0.49455999999999994
Rajshahi,2016,Aman,71038.0,207047.0,1,28.633411407470703,0.8654715418815613,276.0587158203125,4.310957908630371,5.570280075073242,83.2339859008789,0.49137285714285717
Rajshahi,2016,Boro,66717.0,272701.0,2,25.56502342224121,0.7836184501647949,62.9502182006836,1.7901848554611206,6.360272407531737,73.80835723876953,0.48579285714285714
Rajshahi,2017,Aus,47069.0,134527.0,0,29.57831382751465,1.0005860328674316,321.16558837890625,4.199380874633788,5.658560276031494,80.68054962158203,0.5212233333333334
Rajshahi,2017,Aman,71114.0,196177.0,1,28.60598564147949,0.8195690512657166,306.91845703125,3.990676164627075,5.526415824890137,83.09477233886719,0.5290542857142857
Rajshahi,2017,Boro,69175.0,269551.0,2,25.56496238708496,0.7918957471847534,62.80809783935547,2.20775842666626,6.09796953201294,76.10104370117188,0.49682571428571437
Rajshahi,2018,Aus,46579.0,131950.0,0,29.49150657653809,0.876693069934845,346.1478576660156,4.1505126953125,5.978423118591309,80.99864959716797,0.49594999999999995
Rajshahi,2018,Aman,72369.0,196312.0,1,28.59257507324219,0.8436729907989502,332.90545654296875,4.129730701446533,5.6030921936035165,83.19526672363281,0.5103385714285714
Rajshahi,2018,Boro,68086.7,272192.0,2,25.56521415710449,0.8964681029319763,63.16604614257813,2.1240220069885254,6.1268653869628915,74.88512420654297,0.49857428571428575
Rangpur,2011,Aus,506.0,1004.0,0,29.43333333333333,2.3666666666666667,256.5,5.449999999999998,6.0166666666666675,79.66666666666667,0.5404533333333333
Rangpur,2011,Aman,145268.0,388317.0,1,28.214285714285715,2.142857142857143,230.0,4.442857142857141,5.7,82.14285714285714,0.5195399999999999
Rangpur,2011,Boro,132306.0,497749.0,2,24.07857142857143,2.1714285714285717,46.14285714285714,2.571428571428572,6.442857142857143,78.14285714285714,0.47720571428571423
Rangpur,2012,Aus,486.0,1068.0,0,29.525,2.3666666666666667,234.33333333333331,5.066666666666666,6.45,77.0,0.5448966666666666
Rangpur,2012,Aman,156098.0,408861.0,1,27.857142857142854,1.9428571428571428,209.0,4.871428571428573,5.285714285714286,82.42857142857143,0.5271514285714286
Rangpur,2012,Boro,132230.0,537695.0,2,24.135714285714283,2.3142857142857145,59.14285714285714,2.4714285714285715,6.485714285714287,75.14285714285714,0.4576385714285714
Rangpur,2013,Aus,0.0,0.0,0,29.816666666666666,2.333333333333333,232.16666666666663,5.1000000000000005,5.900000000000001,77.33333333333333,0.5556366666666667
Rangpur,2013,Aman,155464.0,426408.0,1,28.157142857142855,2.1000000000000005,200.0,4.442857142857141,5.414285714285716,81.42857142857143,0.5521014285714285
Rangpur,2013,Boro,134163.0,572403.0,2,24.364285714285714,2.1142857142857143,73.71428571428571,2.2857142857142856,6.314285714285715,75.57142857142857,0.4852171428571429
Rangpur,2014,Aus,1325.0,3438.0,0,29.68987274169922,2.609245777130127,289.060302734375,4.413258075714111,6.008185386657715,87.3880844116211,0.510745
Rangpur,2014,Aman,157415.0,435563.0,1,28.251338958740234,1.6820108890533447,245.46939086914062,4.373809814453125,5.580796241760254,83.21964263916016,0.5170128571428572
Rangpur,2014,Boro,135150.0,605244.0,2,25.60782814025879,1.7702590227127075,64.18706512451172,2.2979636192321777,6.400564193725586,80.23086547851562,0.48271142857142857
Rangpur,2015,Aus,13430.0,37411.0,0,29.731300354003906,2.2362005710601807,253.0261688232422,4.582521438598633,6.0205745697021475,87.09768676757812,0.56748
Rangpur,2015,Aman,156404.0,435771.0,1,28.234941482543945,2.524432182312012,229.76515197753903,4.400439739227295,5.49062442779541,82.86019897460938,0.5260757142857142
Rangpur,2015,Boro,131795.0,581456.0,2,25.63791656494141,2.378714799880981,62.99705505371094,2.1637537479400635,6.382589817047119,77.94092559814453,0.5074085714285713
Rangpur,2016,Aus,13695.0,35938.0,0,29.817880630493164,2.0809459686279297,243.6894836425781,4.671541690826416,6.129480838775635,85.68970489501953,0.5408483333333333
Rangpur,2016,Aman,159130.0,448271.0,1,28.31991577148437,3.097987413406372,235.50765991210938,4.442885875701903,5.511942863464356,81.23043060302734,0.5298057142857143
Rangpur,2016,Boro,132796.0,565685.0,2,25.606779098510746,1.8565130233764648,62.97003173828125,2.1600584983825684,6.372002124786378,76.58275604248047,0.5023014285714286
Rangpur,2017,Aus,16075.0,48194.0,0,29.83845329284668,1.9607442617416384,243.70687866210938,4.5622525215148935,5.944844722747803,86.83174896240234,0.57232
Rangpur,2017,Aman,163461.0,461649.0,1,28.36105728149414,2.368216037750244,238.78054809570312,4.416726589202881,5.532156944274902,82.10832214355469,0.5621714285714285
Rangpur,2017,Boro,141693.0,616865.0,2,25.57722282409668,1.1763861179351809,63.443138122558594,2.1107280254364014,6.4247069358825675,79.84202575683594,0.5209085714285714
Rangpur,2018,Aus,16314.0,47115.0,0,29.845985412597656,2.069253206253052,259.36151123046875,4.583501815795898,5.905106544494629,86.3980484008789,0.5731183333333334
Rangpur,2018,Aman,165563.0,489855.0,1,28.378496170043945,3.3829116821289062,251.9978790283203,4.439582824707031,5.629293918609619,82.62544250488281,0.5649228571428571
Rangpur,2018,Boro,134680.0,604948.0,2,25.5635929107666,1.3057630062103271,63.28522872924805,2.099465847015381,6.42902946472168,81.01212310791016,0.5078157142857143
Satkhira,2011,Aus,8999.0,23451.0,0,30.441666666666666,1.9166666666666667,308.3333333333333,4.116666666666666,6.033333333333334,79.0,0.33244999999999997
Satkhira,2011,Aman,84091.0,219389.0,1,28.77857142857143,1.4857142857142858,255.14285714285717,3.5142857142857142,5.214285714285714,82.42857142857143,0.3850485714285714
Satkhira,2011,Boro,73680.0,265357.0,2,25.735714285714288,1.7857142857142858,47.85714285714285,1.4857142857142855,7.128571428571429,75.57142857142857,0.3714142857142857
Satkhira,2012,Aus,8203.0,20089.0,0,31.40833333333333,2.0,153.0,3.8,6.283333333333334,76.66666666666667,0.3430333333333333
Satkhira,2012,Aman,93429.0,250524.0,1,28.692857142857147,1.585714285714286,177.4285714285714,3.8571428571428568,5.457142857142856,81.71428571428571,0.40647714285714287
Satkhira,2012,Boro,72361.0,270255.0,2,26.435714285714283,1.9857142857142855,47.0,1.7714285714285711,7.014285714285713,75.0,0.3722785714285714
Satkhira,2013,Aus,8447.0,22977.0,0,30.625,2.0666666666666664,183.66666666666663,4.083333333333333,5.900000000000001,78.83333333333333,0.37847499999999995
Satkhira,2013,Aman,92020.0,273827.0,1,28.535714285714285,1.5714285714285714,181.28571428571428,3.7571428571428576,5.314285714285715,82.42857142857143,0.42605571428571426
Satkhira,2013,Boro,75335.0,287338.0,2,25.828571428571426,2.128571428571429,56.14285714285714,1.8142857142857145,6.828571428571428,75.28571428571429,0.38574857142857144
Satkhira,2014,Aus,8114.0,20133.0,0,28.874792098999023,1.6544754505157468,393.9481506347656,4.0520548820495605,5.499574661254883,82.15340423583984,0.3652166666666667
Satkhira,2014,Aman,93244.0,279166.0,1,28.6412410736084,1.3694782257080078,229.03070068359372,4.3740901947021475,5.393305778503418,82.81360626220703,0.4180857142857142
Satkhira,2014,Boro,74935.0,293943.0,2,25.64498519897461,1.9072803258895876,62.34428024291992,2.025392770767212,6.844039916992188,75.2836685180664,0.3854057142857143
Satkhira,2015,Aus,8189.0,20471.0,0,29.65746307373047,1.3421789407730105,246.65765380859372,4.2561397552490225,6.145846843719482,82.12255096435547,0.377135
Satkhira,2015,Aman,93412.0,282279.0,1,28.616214752197266,1.2781180143356323,193.4978790283203,4.0566015243530265,5.244226455688477,80.9851303100586,0.42042
Satkhira,2015,Boro,73288.0,283772.0,2,25.59858703613281,1.8717106580734253,63.04369354248047,2.0448579788208012,6.64763879776001,76.00929260253906,0.3966971428571429
Satkhira,2016,Aus,6463.0,16156.0,0,29.912355422973636,1.3161184787750244,352.0024719238281,4.008343696594238,5.9124436378479,81.11482238769531,0.37684999999999996
Satkhira,2016,Aman,86688.0,261492.0,1,28.5767822265625,1.411894679069519,220.91282653808597,4.413262367248535,5.506856441497803,81.95967102050781,0.42138142857142863
Satkhira,2016,Boro,74228.0,292504.0,2,25.58806800842285,1.772805094718933,63.0062141418457,1.957827925682068,6.609487056732178,77.1181869506836,0.4150485714285715
Satkhira,2017,Aus,6350.0,14522.0,0,29.71112823486328,1.288873553276062,340.86083984375,4.0799851417541495,5.57082986831665,83.22794342041016,0.3752166666666666
Satkhira,2017,Aman,84685.0,232351.0,1,28.581090927124023,1.387879729270935,227.80734252929688,4.1528897285461435,5.405389308929443,82.54136657714844,0.4415314285714286
Satkhira,2017,Boro,71468.0,282007.0,2,25.564929962158203,1.6262377500534058,63.09669494628906,2.093496322631836,6.464224815368652,79.22386932373047,0.41602285714285714
Satkhira,2018,Aus,6199.0,16387.0,0,29.57699775695801,1.2608656883239746,432.02728271484375,4.0804080963134775,5.722424983978272,83.9617919921875,0.41562666666666664
Satkhira,2018,Aman,85419.0,241143.0,1,28.57400321960449,1.4565216302871704,225.5893402099609,4.341356277465819,5.427080154418945,81.18331909179688,0.4643071428571428
Satkhira,2018,Boro,74854.9,305563.0,2,25.564393997192386,1.9315171241760252,63.218421936035156,2.0338406562805176,6.5653438568115225,80.95453643798828,0.4214414285714286
Sylhet,2011,Aus,34570.0,78066.0,0,29.683333333333334,3.433333333333333,425.5,5.716666666666666,5.233333333333333,78.5,0.4784083333333333
Sylhet,2011,Aman,148229.0,353418.0,1,28.864285714285714,2.9714285714285715,359.71428571428567,4.728571428571429,5.842857142857143,80.71428571428571,0.5048485714285714
Sylhet,2011,Boro,67740.0,190093.0,2,25.385714285714286,3.2428571428571433,83.28571428571429,2.8571428571428568,6.857142857142858,72.14285714285714,0.4547028571428572
Sylhet,2012,Aus,34944.0,77674.0,0,29.875,3.4333333333333336,631.5,5.916666666666668,5.033333333333333,79.33333333333333,0.457305
Sylhet,2012,Aman,155605.0,335673.0,1,28.564285714285717,3.1428571428571432,490.57142857142856,5.371428571428572,5.057142857142857,83.57142857142857,0.4787385714285714
Sylhet,2012,Boro,67693.0,206323.0,2,25.72142857142857,3.085714285714286,174.85714285714286,3.3285714285714287,6.4,73.71428571428571,0.42611285714285707
Sylhet,2013,Aus,36839.0,100550.0,0,30.05833333333333,3.3666666666666667,503.33333333333326,5.8500000000000005,4.999999999999999,77.16666666666667,0.4943416666666667
Sylhet,2013,Aman,142111.0,356986.0,1,28.771428571428572,2.814285714285714,373.4285714285714,5.042857142857144,5.228571428571429,80.71428571428571,0.5368042857142856
Sylhet,2013,Boro,69117.0,199832.0,2,25.71428571428571,3.214285714285714,173.0,2.9428571428571426,6.828571428571428,71.42857142857143,0.44480142857142857
Sylhet,2014,Aus,37873.0,98593.0,0,29.92114067077637,1.985344409942627,330.95697021484375,4.814163684844972,5.741396427154541,80.43167877197266,0.45160333333333336
Sylhet,2014,Aman,82794.0,202248.0,1,28.71324157714844,1.3491219282150269,348.02081298828125,4.6503567695617685,5.4563493728637695,84.12275695800781,0.47454999999999997
Sylhet,2014,Boro,72740.0,212738.0,2,25.556739807128906,2.762087106704712,216.9883728027344,2.806524991989136,6.1444292068481445,73.39353942871094,0.46055000000000007
Sylhet,2015,Aus,46962.0,125637.0,0,29.88764762878418,1.7461222410202026,242.08905029296875,4.490800380706787,5.79770040512085,81.2417221069336,0.43216499999999997
Sylhet,2015,Aman,85188.0,205261.0,1,28.64891242980957,1.1673073768615725,274.3115234375,4.650036811828613,5.625061988830566,81.99654388427734,0.4586357142857143
Sylhet,2015,Boro,69929.0,201490.0,2,25.56039428710937,2.2104504108428955,260.09585571289057,3.1658167839050293,6.285468578338622,76.03827667236328,0.4494342857142857
Sylhet,2016,Aus,46791.0,115909.0,0,29.99799156188965,1.533413648605347,242.8343048095703,4.568775653839111,5.649965763092041,79.0555648803711,0.46477999999999997
Sylhet,2016,Aman,131289.0,289409.0,1,28.6505126953125,1.0628806352615356,349.1860046386719,4.742880821228027,5.422159194946289,83.97003173828125,0.5153399999999999
Sylhet,2016,Boro,57909.0,167560.0,2,25.56680679321289,2.567894458770752,220.2439117431641,2.8254430294036865,6.027636528015138,71.78489685058594,0.46359999999999996
Sylhet,2017,Aus,60825.0,157383.0,0,30.04061317443848,1.4272042512893677,202.33334350585938,3.336991786956787,5.666686058044434,79.87720489501953,0.4109866666666666
Sylhet,2017,Aman,141920.0,336260.0,1,28.64259147644043,0.9058787822723388,362.6942443847656,4.7274556159973145,5.354864120483398,83.88642883300781,0.4873257142857143
Sylhet,2017,Boro,77916.0,241039.0,2,25.565324783325195,2.187958240509033,228.34991455078125,2.68145751953125,6.28066349029541,73.31568908691406,0.47176142857142855
Sylhet,2018,Aus,58830.0,156469.0,0,29.96819496154785,1.642282247543335,269.55093383789057,4.743771553039551,5.508641719818115,79.29251098632812,0.4989533333333334
Sylhet,2018,Aman,144224.0,354070.0,1,28.61892127990723,0.8740695714950562,337.2867431640625,4.827183723449707,5.5570406913757315,83.89959716796875,0.5492100000000001
Sylhet,2018,Boro,83367.0,232389.0,2,25.56516265869141,2.1793067455291752,237.5246124267578,2.9375574588775635,6.131898403167725,75.92278289794922,0.48795142857142854
Tangail,2011,Aus,874.0,1004.0,0,29.816666666666666,2.466666666666667,272.8333333333333,4.516666666666667,5.75,79.83333333333333,0.5006266666666667
Tangail,2011,Aman,139319.0,266992.0,1,28.72142857142857,2.2,217.42857142857144,3.871428571428571,5.4,83.42857142857143,0.5032528571428571
Tangail,2011,Boro,167024.0,658508.0,2,24.87142857142857,2.157142857142857,45.28571428571429,2.085714285714286,6.557142857142857,77.42857142857143,0.4956671428571428
Tangail,2012,Aus,509.0,709.0,0,30.41666666666667,2.75,161.66666666666666,4.183333333333334,6.183333333333334,77.83333333333333,0.52785
Tangail,2012,Aman,130127.0,241394.0,1,28.32142857142857,2.357142857142857,168.57142857142858,4.257142857142857,5.042857142857144,83.28571428571429,0.5288614285714285
Tangail,2012,Boro,163636.0,658459.0,2,25.27857142857143,2.242857142857143,54.85714285714285,1.9714285714285715,6.771428571428572,75.85714285714286,0.48411714285714286
Tangail,2013,Aus,1176.0,2129.0,0,30.341666666666665,2.3666666666666667,152.16666666666666,4.483333333333333,5.233333333333333,77.5,0.5120250000000001
Tangail,2013,Aman,128834.0,259119.0,1,28.607142857142858,1.9285714285714284,116.14285714285714,3.942857142857144,5.142857142857143,81.85714285714286,0.5400585714285714
Tangail,2013,Boro,166177.0,682506.0,2,25.264285714285716,2.085714285714286,53.0,1.9285714285714288,6.185714285714287,75.57142857142857,0.4951785714285714
Tangail,2014,Aus,365.0,546.0,0,29.55294418334961,1.4496414661407468,446.654296875,4.25482177734375,5.512104511260986,82.721435546875,0.5121766666666666
Tangail,2014,Aman,74466.0,188211.0,1,28.58030128479004,1.5154998302459717,462.880615234375,4.28217363357544,5.304600238800049,82.89492797851562,0.5330485714285714
Tangail,2014,Boro,265053.0,1080151.0,2,25.58024787902832,1.6809744834899902,62.69506072998047,2.0964741706848145,6.497987747192383,77.24661254882812,0.5009442857142857
Tangail,2015,Aus,1211.0,1282.0,0,29.986183166503906,1.7283498048782349,372.3743896484375,4.4535250663757315,5.759948253631593,84.55934143066406,0.5186333333333333
Tangail,2015,Aman,78389.0,202701.0,1,28.499053955078125,2.2514798641204834,608.2254638671875,4.2742228507995605,5.338364601135254,83.43799591064453,0.5235814285714285
Tangail,2015,Boro,264051.0,1074189.0,2,25.585906982421875,2.4726486206054688,62.959754943847656,2.038597583770752,6.378681182861327,77.26853942871094,0.50765
Tangail,2016,Aus,1085.0,1545.0,0,30.19902801513672,1.7140977382659912,439.28802490234375,4.369664192199707,5.719241142272949,83.46099090576172,0.5265716666666668
Tangail,2016,Aman,123724.0,262172.0,1,28.53783988952637,1.6395621299743652,552.6561889648439,4.234740257263184,5.291447639465332,82.79676055908203,0.5358414285714286
Tangail,2016,Boro,167894.0,700906.0,2,25.56875228881836,2.0491366386413574,63.16669464111328,2.0487277507781982,6.355738639831543,77.44412994384766,0.5232471428571429
Tangail,2017,Aus,837.0,1364.0,0,29.654285430908203,1.841052770614624,428.8433837890625,4.42174243927002,5.42801570892334,85.97677612304688,0.5059633333333333
Tangail,2017,Aman,116482.0,250133.0,1,28.53761100769043,1.7139954566955566,515.2533569335939,4.01662540435791,5.215765476226807,82.1989517211914,0.5492842857142858
Tangail,2017,Boro,191878.0,840931.0,2,25.56598663330078,1.261762619018555,63.04512023925781,2.0535614490509038,6.460023403167725,81.26826477050781,0.5322185714285715
Tangail,2018,Aus,894.0,1519.0,0,29.851884841918945,1.4933794736862185,355.35943603515625,4.447176933288574,5.6431145668029785,85.036376953125,0.5587883333333333
Tangail,2018,Aman,111945.0,237661.0,1,28.5229434967041,1.3186283111572266,572.3606567382812,4.110119819641113,5.325002670288086,82.90753173828125,0.5711342857142857
Tangail,2018,Boro,168445.0,729684.9,2,25.56504821777344,1.360730767250061,63.22284317016602,2.0464766025543213,6.432542324066162,80.54560089111328,0.5437928571428572
