st,yr,September,October,November,December,January,February,March,April,May,June,July,August,AVG,STDDEV
Maulvibazar,2011,0.7128,0.6064,0.49781,0.45405,0.49661,0.53452,0.5728,0.53558,0.37965,0.50096,0.60979,0.66976,0.5475608333333334,0.08883638935878449
Maulvibazar,2012,0.70816,0.57717,0.50238,0.44221,0.41738,0.44588,0.54278,0.50684,0.47797,0.52044,0.60314,0.7009,0.5371041666666666,0.0911245711885963
Maulvibazar,2013,0.74579,0.64497,0.50826,0.48804,0.47437,0.52192,0.54167,0.47754,0.4529,0.48568,0.57813,0.70636,0.5521358333333334,0.09287670836996156
Maulvibazar,2014,0.72573,0.62603,0.52229,0.48127,0.49594,0.51839,0.54749,0.53281,0.54597,0.55623,0.43775,0.71347,0.5586141666666666,0.08409510166653916
Maulvibazar,2015,0.7022,0.61492,0.53377,0.45191,0.48199,0.51048,0.55529,0.54123,0.43675,0.47945,0.46669,0.71974,0.5412016666666667,0.08952781484296128
Maulvibazar,2016,0.72007,0.58929,0.54471,0.52436,0.52777,0.59079,0.55725,0.53248,0.42908,0.45103,0.55012,0.70706,0.5603341666666667,0.08239813807143272
Maulvibazar,2017,0.70958,0.6466,0.56703,0.49158,0.52032,0.58288,0.56503,0.58462,0.36642,0.46948,0.44732,0.68238,0.55277,0.09576331700256278
Maulvibazar,2018,0.72547,0.67544,0.58002,0.52858,0.54272,0.60656,0.6072,0.50273,0.42412,0.52486,0.57207,0.7026,0.5826975000000001,0.08369855485859158
Maulvibazar,2019,0.74131,0.68226,0.55829,0.50331,0.54731,0.60226,0.62641,0.5841,0.50891,0.47206,0.64153,0.73765,0.60045,0.08509377709327517
Chittagong,2011,0.57397,0.64203,0.48687,0.52991,0.48179,0.62527,0.49226,0.58435,0.50454,0.5425,0.66563,0.74793,0.5730875,0.08341470626
Chittagong,2012,0.55884,0.73782,0.47866,0.51091,0.43194,0.56528,0.46006,0.6083,0.53974,0.55752,0.63741,0.71702,0.5669583333,0.09528838667
Chittagong,2013,0.54967,0.74263,0.50783,0.5057,0.46126,0.49776,0.55568,0.55953,0.56797,0.5473,0.69015,0.76486,0.579195,0.09884928376
Chittagong,2014,0.5665,0.74212,0.51293,0.53554,0.51118,0.53627,0.56399,0.53026,0.52545,0.56304,0.68288,0.7623,0.5860383333,0.08993053115
Chittagong,2015,0.62469,0.72449,0.54981,0.52364,0.49411,0.55492,0.46438,0.6093,0.56872,0.58362,0.70269,0.74408,0.5953708333,0.08968393486
Chittagong,2016,0.59837,0.72476,0.56044,0.60432,0.5333,0.60397,0.53962,0.57941,0.53972,0.59859,0.65562,0.74404,0.6068466667,0.06915066835
Chittagong,2017,0.63698,0.70066,0.57627,0.61591,0.51294,0.56798,0.46825,0.64042,0.4951,0.61499,0.72281,0.75562,0.6089941667,0.09018698258
Chittagong,2018,0.60374,0.73488,0.54418,0.56756,0.52643,0.61183,0.60132,0.59491,0.47022,0.60473,0.69811,0.76645,0.6103633333,0.08573881272
Chittagong,2019,0.59022,0.77512,0.59944,0.59949,0.50917,0.621,0.54514,0.63089,0.58421,0.60169,0.70546,0.78176,0.6286325,0.08420266991
Kushtia,2011,0.53666,0.47034,0.39638,0.47481,0.48673,0.48155,0.4442,0.49889,0.47356,0.38034,0.38179,0.5156,0.46173749999999997,0.04906883398604453
Kushtia,2012,0.61276,0.50123,0.41958,0.43136,0.4729,0.42563,0.42574,0.41438,0.45937,0.48078,0.52349,0.57254,0.47831333333333337,0.06137052377883774
Kushtia,2013,0.64845,0.46105,0.41956,0.49386,0.50898,0.45326,0.44431,0.53444,0.48808,0.43658,0.46114,0.61598,0.49714083333333337,0.0680949708689187
Kushtia,2014,0.64707,0.4755,0.42406,0.5075,0.53422,0.46947,0.41786,0.50217,0.50368,0.47458,0.42784,0.66739,0.5042783333333333,0.07668892421479274
Kushtia,2015,0.64499,0.48545,0.40548,0.50792,0.52578,0.47045,0.46064,0.56247,0.50379,0.45671,0.44408,0.67495,0.5118925,0.07699883074058117
Kushtia,2016,0.61444,0.43822,0.40166,0.51284,0.5362,0.45692,0.41825,0.52759,0.56101,0.4149,0.42504,0.60191,0.49241500000000005,0.0728228405675948
Kushtia,2017,0.69893,0.50894,0.46098,0.48251,0.52434,0.47974,0.4701,0.60474,0.52612,0.40923,0.48093,0.63072,0.5231066666666667,0.07869494046986476
Kushtia,2018,0.65096,0.51743,0.4642,0.51897,0.52775,0.54007,0.51005,0.50971,0.54964,0.38961,0.44915,0.67231,0.5249875,0.07457614666958418
Kushtia,2019,0.66627,0.53674,0.46311,0.55471,0.52771,0.53533,0.54813,0.58655,0.56034,0.4946,0.51227,0.67682,0.555215,0.060328707442366666
Jessore,2011,0.62669,0.54421,0.44501,0.42326,0.48681,0.64582,0.57888,0.42746,0.38052,0.41298,0.48516,0.63423,0.5075858333333333,0.09093710889568433
Jessore,2012,0.67255,0.54752,0.47405,0.42421,0.46312,0.58969,0.55562,0.43391,0.4285,0.44251,0.51921,0.70207,0.5210800000000001,0.09110495083510371
Jessore,2013,0.71737,0.52382,0.47779,0.4593,0.44123,0.60721,0.64008,0.47358,0.50359,0.48348,0.53795,0.75715,0.5518791666666668,0.10032860654355875
Jessore,2014,0.70578,0.54202,0.43622,0.44825,0.50135,0.65689,0.54737,0.44151,0.43402,0.43264,0.54353,0.74015,0.5358108333333332,0.10575402092106105
Jessore,2015,0.6783,0.53848,0.44572,0.43869,0.54446,0.64783,0.57385,0.53307,0.46257,0.41948,0.55029,0.74127,0.5478341666666667,0.09640287214413731
Jessore,2016,0.63347,0.51919,0.48005,0.43399,0.5513,0.65083,0.45282,0.54878,0.55281,0.4285,0.4931,0.63498,0.5316516666666666,0.07476132008301857
Jessore,2017,0.71423,0.56803,0.49901,0.45962,0.54111,0.66303,0.55793,0.5705,0.49318,0.41134,0.56172,0.70901,0.5623925,0.09010956480169019
Jessore,2018,0.72177,0.56395,0.46287,0.44287,0.53173,0.6848,0.55509,0.5097,0.53889,0.46445,0.54948,0.75482,0.5650350000000001,0.0981512280870698
Jessore,2019,0.75623,0.59408,0.52644,0.49303,0.45745,0.68457,0.61379,0.49814,0.4922,0.52071,0.51458,0.75985,0.5759225,0.10129756324191612
Bagerhat,2011,0.55358,0.59087,0.52816,0.50098,0.50491,0.52202,0.50195,0.40129,0.32988,0.32028,0.39399,0.47454,0.4685375,0.08337981971326555
Bagerhat,2012,0.62101,0.58891,0.55411,0.47257,0.5055,0.47595,0.49523,0.42649,0.33732,0.28509,0.36894,0.48404,0.4679300000000001,0.09574468984405002
Bagerhat,2013,0.64151,0.60122,0.53261,0.52173,0.51271,0.52801,0.50306,0.39924,0.43262,0.39569,0.37198,0.55728,0.499805,0.08062491441855923
Bagerhat,2014,0.6242,0.59724,0.55072,0.5165,0.54177,0.53692,0.5026,0.4612,0.33852,0.36445,0.40234,0.58599,0.5018708333333333,0.0883578866936745
Bagerhat,2015,0.62079,0.62711,0.52508,0.52132,0.52527,0.54952,0.49,0.46104,0.31885,0.34843,0.39712,0.58024,0.4970641666666667,0.09541467387657004
Bagerhat,2016,0.61407,0.60058,0.54325,0.53624,0.54567,0.55678,0.48523,0.47532,0.4324,0.30056,0.43229,0.49375,0.501345,0.08235960068504461
Bagerhat,2017,0.63907,0.63944,0.58774,0.53746,0.54981,0.56413,0.50625,0.505,0.33957,0.327,0.45662,0.56535,0.51812,0.09679123247140381
Bagerhat,2018,0.6184,0.61908,0.56597,0.53729,0.52436,0.57916,0.5023,0.47745,0.35103,0.44722,0.45456,0.56965,0.5205391666666667,0.07535809848741466
Bagerhat,2019,0.65203,0.61028,0.55445,0.54606,0.54805,0.56609,0.57233,0.50635,0.40739,0.47133,0.44994,0.60915,0.5411208333333334,0.06821351240264319
Manikganj,2011,0.45645,0.46708,0.49375,0.46249,0.38289,0.44883,0.55054,0.53839,0.41567,0.35896,0.42768,0.49274,0.45795583333333334,0.05466700199973371
Manikganj,2012,0.48438,0.44964,0.43308,0.44011,0.34578,0.44179,0.53555,0.43418,0.38652,0.39172,0.44497,0.40948,0.4331,0.04630570519205309
Manikganj,2013,0.55244,0.42335,0.49325,0.49914,0.44968,0.427,0.52951,0.46851,0.43768,0.35386,0.41202,0.55389,0.4666941666666667,0.058430152669424223
Manikganj,2014,0.55615,0.42877,0.47835,0.50999,0.45745,0.4681,0.4938,0.47906,0.40379,0.46436,0.3255,0.55417,0.4682908333333334,0.060515598327804905
Manikganj,2015,0.51549,0.4409,0.47613,0.52297,0.4097,0.47225,0.53718,0.50277,0.44445,0.35667,0.29892,0.55158,0.4607508333333333,0.07267582982651263
Manikganj,2016,0.52215,0.47805,0.50867,0.54487,0.43387,0.48426,0.50059,0.51042,0.43221,0.27797,0.391,0.50257,0.4655525,0.07031572051883798
Manikganj,2017,0.54012,0.5116,0.52854,0.54095,0.44956,0.48452,0.56331,0.56181,0.39025,0.38197,0.30653,0.48482,0.47866500000000006,0.07800806299137718
Manikganj,2018,0.53258,0.48917,0.54441,0.53676,0.46025,0.50453,0.56939,0.48751,0.42256,0.42611,0.44804,0.5473,0.49738416666666657,0.04777163810922636
Manikganj,2019,0.58217,0.51051,0.52089,0.54995,0.47944,0.5266,0.59923,0.52449,0.39654,0.42985,0.45517,0.55624,0.5109233333333333,0.05826392556481431
Comilla,2011,0.70922,0.59983,0.44243,0.40578,0.48745,0.62833,0.58828,0.49022,0.38933,0.35127,0.53934,0.59116,0.5185533333333334,0.10429979932333948
Comilla,2012,0.68013,0.59855,0.45727,0.40036,0.47464,0.5903,0.57425,0.42199,0.48724,0.47844,0.44339,0.60559,0.5176791666666667,0.0844293098256695
Comilla,2013,0.7122,0.60002,0.44856,0.44252,0.47085,0.64649,0.61073,0.47313,0.49984,0.49914,0.5085,0.68886,0.55007,0.09216474958825999
Comilla,2014,0.71166,0.62316,0.48884,0.4558,0.50985,0.6252,0.53685,0.47092,0.50517,0.54473,0.45198,0.67925,0.5502841666666667,0.08472709813063875
Comilla,2015,0.67516,0.63628,0.50977,0.47672,0.51264,0.65288,0.59955,0.46181,0.45175,0.39188,0.55427,0.68654,0.5507708333333333,0.09381706005646781
Comilla,2016,0.72227,0.59356,0.50774,0.48298,0.54511,0.66326,0.48197,0.50766,0.47871,0.49813,0.57134,0.60028,0.5544175,0.07508138585617163
Comilla,2017,0.71195,0.66408,0.55997,0.47493,0.53429,0.67127,0.59469,0.57779,0.45298,0.48684,0.52088,0.66378,0.5761208333333333,0.08251666775651384
Comilla,2018,0.6967,0.64602,0.49998,0.45883,0.5703,0.65538,0.58165,0.44759,0.39397,0.47526,0.56035,0.69345,0.5566233333333334,0.09774596993681575
Comilla,2019,0.73407,0.64347,0.49439,0.52818,0.52058,0.6836,0.61609,0.55063,0.56638,0.53324,0.55332,0.6737,0.5914708333333333,0.07331082565105161
Barguna,2011,0.66271,0.65513,0.49229,0.40719,0.40878,0.41311,0.42426,0.38647,0.27801,0.33954,0.33297,0.47245,0.4394091666666668,0.11304113421363728
Barguna,2012,0.68068,0.64823,0.48484,0.36303,0.38854,0.39025,0.45461,0.37463,0.36951,0.23331,0.30815,0.49829,0.4328391666666667,0.12472900534480964
Barguna,2013,0.74113,0.64698,0.44177,0.39465,0.38238,0.405,0.43211,0.29735,0.40905,0.36271,0.33696,0.61737,0.45562166666666665,0.1312175862091494
Barguna,2014,0.70322,0.62774,0.49633,0.40488,0.42017,0.41184,0.4163,0.40894,0.38025,0.36926,0.36783,0.61226,0.4682516666666667,0.11012437437077931
Barguna,2015,0.71231,0.67982,0.47033,0.39452,0.38948,0.41706,0.48392,0.43662,0.19199,0.34776,0.35879,0.62564,0.45901999999999993,0.14329658614216878
Barguna,2016,0.70125,0.63058,0.46751,0.39429,0.41194,0.47355,0.47522,0.43025,0.38894,0.31714,0.35983,0.47219,0.46022416666666666,0.10445250327767269
Barguna,2017,0.70281,0.68756,0.52395,0.40969,0.36899,0.46003,0.50888,0.46781,0.33108,0.32078,0.36559,0.57546,0.4768858333333333,0.12346365115951695
Barguna,2018,0.71235,0.68156,0.49366,0.39698,0.37526,0.46728,0.51712,0.46087,0.34522,0.464,0.42076,0.6112,0.4955216666666667,0.11210909484614628
Barguna,2019,0.75177,0.68215,0.48772,0.42933,0.35709,0.48287,0.56018,0.495,0.38368,0.45665,0.37847,0.61713,0.5068366666666666,0.11881806914588185
Thakurgaon,2011,0.62477,0.46817,0.36839,0.40795,0.46705,0.53931,0.60778,0.57457,0.40374,0.33303,0.61559,0.6437,0.5045041666666666,0.10531521918019363
Thakurgaon,2012,0.63773,0.43454,0.37199,0.43626,0.42395,0.4873,0.58503,0.53297,0.39357,0.34677,0.70563,0.73912,0.507905,0.126321318898804
Thakurgaon,2013,0.70279,0.46339,0.39046,0.51988,0.47838,0.4784,0.57659,0.58633,0.42252,0.42853,0.62646,0.77081,0.5370450000000001,0.11294707399928519
Thakurgaon,2014,0.6973,0.46177,0.42804,0.55541,0.53384,0.47977,0.55057,0.52577,0.47197,0.4483,0.43042,0.74006,0.5269349999999999,0.09601908191430841
Thakurgaon,2015,0.70447,0.47477,0.39636,0.47757,0.55169,0.54704,0.60959,0.61644,0.47741,0.55009,0.45527,0.76306,0.55198,0.10244484516070099
Thakurgaon,2016,0.68228,0.44295,0.45305,0.54493,0.50043,0.52697,0.56366,0.62267,0.59211,0.37351,0.67543,0.70051,0.5565416666666666,0.09900849920026505
Thakurgaon,2017,0.77848,0.57031,0.43739,0.48494,0.51509,0.53813,0.63422,0.641,0.50942,0.34635,0.60219,0.79263,0.5708458333333333,0.12441919140941328
Thakurgaon,2018,0.71656,0.54668,0.4074,0.47452,0.48517,0.55502,0.65715,0.66114,0.45829,0.39538,0.63131,0.76175,0.5625308333333333,0.1168081701950063
Thakurgaon,2019,0.74922,0.5558,0.40902,0.50468,0.51482,0.60561,0.72136,0.64846,0.52851,0.49842,0.65377,0.80816,0.5998191666666667,0.11394222201466359
Rangpur,2011,0.69893,0.49027,0.38494,0.38359,0.43396,0.57428,0.60986,0.5121,0.44171,0.41154,0.59883,0.66868,0.5173908333333332,0.10581676501216095
Rangpur,2012,0.69679,0.50496,0.3802,0.39171,0.36589,0.51269,0.62863,0.50463,0.41972,0.36175,0.67143,0.68322,0.5101350000000001,0.12477528043780681
Rangpur,2013,0.73182,0.54458,0.40992,0.4333,0.4317,0.53287,0.64175,0.47651,0.47047,0.43487,0.55185,0.75837,0.5348341666666667,0.1135333071142806
Rangpur,2014,0.70624,0.51114,0.40809,0.45537,0.43696,0.55234,0.62003,0.49928,0.40691,0.42372,0.42329,0.69124,0.5112175,0.10394354205729504
Rangpur,2015,0.66694,0.51513,0.39565,0.38894,0.48438,0.59388,0.64664,0.5529,0.48947,0.52864,0.45881,0.72842,0.5374833333333333,0.10108729918024101
Rangpur,2016,0.71404,0.44209,0.43559,0.47536,0.43729,0.56434,0.63606,0.54618,0.42129,0.38316,0.56448,0.69392,0.52615,0.10647502821475716
Rangpur,2017,0.75704,0.61112,0.45052,0.43365,0.44503,0.56611,0.66921,0.60884,0.473,0.37585,0.53755,0.76947,0.5581158333333334,0.1234149898012348
Rangpur,2018,0.73556,0.58609,0.42935,0.43385,0.43046,0.59195,0.6555,0.58463,0.42897,0.43727,0.55987,0.77247,0.5538308333333333,0.11864929972109213
Rangpur,2019,0.77335,0.58079,0.36709,0.47145,0.44599,0.61083,0.71718,0.58539,0.51121,0.46354,0.67274,0.70326,0.575235,0.12044066966076422
Panchagarh,2011,0.65174,0.51264,0.4073,0.34912,0.40034,0.49081,0.62651,0.61755,0.41565,0.42143,0.61839,0.69927,0.5175625,0.11463485923611252
Panchagarh,2012,0.64167,0.46314,0.41284,0.36817,0.35693,0.40381,0.5821,0.56093,0.42667,0.37516,0.7515,0.75644,0.5082800000000001,0.14015848654291327
Panchagarh,2013,0.76396,0.49794,0.39829,0.43968,0.38091,0.43204,0.55827,0.61495,0.4012,0.44052,0.69388,0.77061,0.5326875000000001,0.13855483325654863
Panchagarh,2014,0.67646,0.48658,0.42072,0.45114,0.42261,0.4379,0.55239,0.59956,0.44507,0.45822,0.51879,0.70328,0.5143933333333334,0.09418335533533631
Panchagarh,2015,0.72076,0.51146,0.42981,0.40287,0.44455,0.49316,0.63587,0.6516,0.48432,0.6076,0.43792,0.7715,0.5492849999999999,0.11833341008213473
Panchagarh,2016,0.68614,0.4688,0.45174,0.47866,0.39912,0.53063,0.60876,0.67306,0.58241,0.35918,0.63698,0.72912,0.5503833333333334,0.11500682851707353
Panchagarh,2017,0.79434,0.59096,0.45305,0.42119,0.42561,0.57719,0.64843,0.67889,0.52232,0.41884,0.60416,0.78627,0.5767708333333333,0.1284556205114133
Panchagarh,2018,0.69164,0.55248,0.41548,0.4088,0.40306,0.53589,0.63267,0.67344,0.44673,0.48399,0.67243,0.78242,0.5582525,0.12422300438626495
Panchagarh,2019,0.7388,0.58923,0.40418,0.43213,0.41612,0.57511,0.73629,0.68953,0.50062,0.555,0.68034,0.82032,0.5948058333333333,0.133386107376189
Nilphamari,2011,0.63782,0.48537,0.40267,0.34823,0.42701,0.60487,0.64515,0.53193,0.44914,0.40218,0.61108,0.6728,0.5181874999999999,0.10821030142928477
Nilphamari,2012,0.66148,0.45579,0.39251,0.36999,0.34807,0.54486,0.63753,0.50939,0.40397,0.36924,0.73279,0.68235,0.5089975,0.13334667138234085
Nilphamari,2013,0.70814,0.49433,0.39631,0.41273,0.41223,0.56223,0.65009,0.50379,0.45629,0.41536,0.64511,0.76525,0.5351549999999999,0.12298308674366568
Nilphamari,2014,0.6711,0.48321,0.41018,0.43411,0.41423,0.57425,0.62106,0.50983,0.38434,0.41929,0.46286,0.70645,0.5075758333333333,0.10519487839705992
Nilphamari,2015,0.66484,0.48075,0.40652,0.3695,0.47208,0.63668,0.64862,0.56099,0.42226,0.5476,0.45696,0.73337,0.5333475,0.11175075645717122
Nilphamari,2016,0.66276,0.43737,0.44556,0.46721,0.46367,0.61925,0.63181,0.53727,0.42663,0.37707,0.61377,0.68481,0.5305983333333334,0.10210851554705035
Nilphamari,2017,0.75531,0.55673,0.43749,0.41361,0.47749,0.63576,0.67412,0.57815,0.47308,0.34891,0.61462,0.77678,0.5618375000000001,0.12991861754735798
Nilphamari,2018,0.68148,0.53688,0.41401,0.42355,0.44109,0.6393,0.62688,0.57898,0.40573,0.48181,0.65665,0.75201,0.5531975,0.11403637717303193
Nilphamari,2019,0.72048,0.55058,0.37166,0.44446,0.46315,0.66865,0.73849,0.60685,0.49813,0.49843,0.68683,0.74236,0.5825058333333333,0.12274091666720417
Lalmonirhat,2011,0.63688,0.4594,0.36254,0.33318,0.43634,0.55665,0.59663,0.56503,0.41991,0.42899,0.5471,0.65141,0.49950500000000003,0.10187165957713658
Lalmonirhat,2012,0.60926,0.41782,0.35443,0.34197,0.37482,0.50656,0.61202,0.53699,0.40584,0.34282,0.69052,0.64166,0.4862258333333333,0.12320226062985029
Lalmonirhat,2013,0.68464,0.47604,0.36241,0.38834,0.45149,0.54358,0.59637,0.49938,0.43229,0.37951,0.63968,0.73592,0.5158041666666667,0.11933110292084606
Lalmonirhat,2014,0.65078,0.45492,0.38422,0.44393,0.49069,0.54722,0.58148,0.53135,0.42158,0.41548,0.56626,0.69662,0.5153774999999999,0.09343420779038407
Lalmonirhat,2015,0.62636,0.44955,0.38701,0.39606,0.52916,0.58107,0.62201,0.57137,0.42252,0.56004,0.47645,0.7146,0.5280166666666667,0.09843847252076915
Lalmonirhat,2016,0.63293,0.41312,0.40756,0.48096,0.51128,0.60063,0.60519,0.53541,0.35744,0.28115,0.52474,0.66827,0.5015566666666667,0.11321627241209142
Lalmonirhat,2017,0.71655,0.51736,0.40777,0.41948,0.53985,0.6238,0.62582,0.58283,0.41638,0.3777,0.57542,0.7613,0.5470216666666667,0.11943410818196877
Lalmonirhat,2018,0.67574,0.50352,0.40935,0.45243,0.51488,0.6166,0.61178,0.5613,0.43648,0.48844,0.60364,0.71855,0.5493925000000001,0.09347238702106986
Lalmonirhat,2019,0.71604,0.54111,0.33701,0.45987,0.51724,0.61939,0.69898,0.59438,0.44943,0.46893,0.64439,0.70382,0.5625491666666668,0.1149479014204793
Kurigram,2011,0.55761,0.42929,0.32436,0.26983,0.32757,0.43151,0.44548,0.41,0.40136,0.34327,0.37922,0.50787,0.40228083333333337,0.07745823148191261
Kurigram,2012,0.46068,0.35032,0.31055,0.28931,0.27554,0.38649,0.4732,0.42258,0.34683,0.23825,0.43939,0.43789,0.3692525,0.07559601071099364
Kurigram,2013,0.56718,0.45281,0.33411,0.32685,0.31432,0.41725,0.43458,0.34692,0.39882,0.34143,0.40667,0.54809,0.40741916666666667,0.0800149968712463
Kurigram,2014,0.51879,0.41486,0.3718,0.36274,0.33496,0.44436,0.45475,0.39507,0.3943,0.33644,0.33189,0.43506,0.3995849999999999,0.054523528942405516
Kurigram,2015,0.51375,0.43064,0.37304,0.31149,0.3522,0.48778,0.48635,0.44686,0.3208,0.47059,0.3379,0.50772,0.4199266666666666,0.073047824669109
Kurigram,2016,0.53917,0.42042,0.38133,0.36784,0.33677,0.47411,0.46418,0.43227,0.36836,0.21696,0.37323,0.49534,0.40583166666666665,0.08150758132768318
Kurigram,2017,0.57475,0.49243,0.38671,0.32808,0.36015,0.49367,0.48302,0.4724,0.41444,0.26866,0.32908,0.51966,0.42692083333333336,0.088992624081843
Kurigram,2018,0.5667,0.48988,0.38962,0.33364,0.33664,0.48311,0.48619,0.45077,0.36788,0.40058,0.46112,0.51034,0.4397058333333333,0.07031520194314708
Kurigram,2019,0.59028,0.50055,0.35116,0.37655,0.34142,0.51808,0.56933,0.50662,0.42353,0.28225,0.44586,0.56418,0.4558175,0.09693503873943966
Gaibandha,2011,0.6217,0.45971,0.34966,0.2991,0.36189,0.5364,0.5112,0.4035,0.4059,0.28459,0.43435,0.53042,0.4332016666666667,0.09839609187982125
Gaibandha,2012,0.55819,0.42523,0.32047,0.28991,0.28198,0.48326,0.55813,0.3957,0.43177,0.32273,0.50744,0.51412,0.42407749999999994,0.09771557135593419
Gaibandha,2013,0.64755,0.50347,0.35813,0.34006,0.32075,0.53419,0.55223,0.39897,0.40587,0.32803,0.39463,0.61647,0.45002916666666665,0.11062802601950476
Gaibandha,2014,0.60242,0.46314,0.38649,0.35329,0.351,0.57094,0.53461,0.37701,0.33984,0.37603,0.34092,0.53899,0.43622333333333335,0.09524163588239944
Gaibandha,2015,0.5544,0.45855,0.37795,0.32591,0.44337,0.58972,0.55603,0.42218,0.40734,0.44085,0.38547,0.54727,0.45908666666666664,0.08045822076636353
Gaibandha,2016,0.60002,0.42525,0.389,0.3653,0.39708,0.52796,0.50608,0.41389,0.40841,0.30106,0.42921,0.55276,0.4430016666666667,0.08249131912241163
Gaibandha,2017,0.63552,0.53932,0.41896,0.35026,0.40731,0.53055,0.52983,0.48342,0.38048,0.3471,0.34838,0.56243,0.46113000000000004,0.09399015586751625
Gaibandha,2018,0.61926,0.51779,0.40462,0.34549,0.36257,0.5772,0.55265,0.44927,0.33481,0.39608,0.46499,0.59931,0.46867,0.09793661572670358
Gaibandha,2019,0.64218,0.53177,0.357,0.39522,0.38473,0.61319,0.60665,0.48109,0.42423,0.32431,0.45348,0.55784,0.48097416666666654,0.10338324747094614
Dinajpur,2011,0.63141,0.46876,0.36031,0.33416,0.3893,0.61607,0.64076,0.51534,0.3998,0.33213,0.6,0.66051,0.4957125,0.12409653521385412
Dinajpur,2012,0.6775,0.47322,0.36,0.35407,0.33231,0.57248,0.64364,0.4689,0.41984,0.34137,0.67729,0.72247,0.5035908333333334,0.14155415568245328
Dinajpur,2013,0.74064,0.52179,0.38064,0.41009,0.36074,0.54098,0.66599,0.51361,0.41402,0.39633,0.53929,0.77223,0.5213625,0.13473439335256357
Dinajpur,2014,0.71065,0.48317,0.39207,0.40909,0.37975,0.61278,0.6457,0.47106,0.37291,0.40925,0.39997,0.71893,0.5004441666666667,0.12784658706553553
Dinajpur,2015,0.68709,0.48747,0.36434,0.34302,0.44039,0.63808,0.66255,0.53375,0.45293,0.48305,0.51276,0.76128,0.5305591666666667,0.12520437289077493
Dinajpur,2016,0.69943,0.44784,0.41662,0.42215,0.40669,0.60863,0.66401,0.51648,0.40008,0.36007,0.58427,0.72752,0.5211491666666668,0.12458186347795126
Dinajpur,2017,0.7352,0.59484,0.41803,0.39574,0.41407,0.61627,0.69548,0.57201,0.41224,0.33368,0.53741,0.78845,0.542785,0.1426545472753439
Dinajpur,2018,0.72665,0.58151,0.38935,0.38499,0.35822,0.61166,0.67862,0.58102,0.42906,0.3953,0.53937,0.7603,0.5363374999999999,0.1366197239374681
Dinajpur,2019,0.75815,0.5588,0.37262,0.41555,0.39407,0.67336,0.73322,0.56167,0.50421,0.46139,0.6231,0.76517,0.5684425000000001,0.13653162839460803
Nawabganj,2011,0.54249,0.49317,0.39981,0.38303,0.39212,0.49548,0.50509,0.43914,0.3845,0.4067,0.4992,0.50548,0.45385083333333337,0.05588626984903259
Nawabganj,2012,0.60509,0.52029,0.42125,0.36893,0.37548,0.44577,0.4945,0.34117,0.36185,0.38425,0.55257,0.55651,0.452305,0.08644967490781366
Nawabganj,2013,0.65944,0.51371,0.41102,0.434,0.43489,0.47135,0.44416,0.42356,0.3989,0.40584,0.4303,0.59096,0.4681775000000001,0.0774440125859751
Nawabganj,2014,0.63238,0.48044,0.42228,0.42883,0.46395,0.52268,0.47391,0.41041,0.42257,0.43346,0.4321,0.60403,0.47725333333333336,0.07022604198032395
Nawabganj,2015,0.6121,0.51849,0.39433,0.39235,0.47063,0.53074,0.52373,0.50348,0.40803,0.51858,0.49443,0.60054,0.49728583333333337,0.06885996822759617
Nawabganj,2016,0.62549,0.46337,0.41337,0.41941,0.45758,0.5508,0.48786,0.46663,0.4458,0.38908,0.49037,0.5695,0.4816049999999999,0.06635347008006941
Nawabganj,2017,0.66767,0.56243,0.46303,0.41469,0.44414,0.55397,0.54313,0.51092,0.4455,0.39759,0.52145,0.67194,0.5163716666666668,0.08608764969817422
Nawabganj,2018,0.62209,0.55664,0.45536,0.43145,0.4684,0.57029,0.57838,0.50796,0.50109,0.38668,0.49146,0.61465,0.5153708333333334,0.07081486090013561
Nawabganj,2019,0.6435,0.55859,0.45396,0.49603,0.44263,0.58701,0.59878,0.52425,0.4222,0.46562,0.58084,0.5597,0.5277591666666668,0.06797993116333835
Naogaon,2011,0.55761,0.43602,0.35827,0.33535,0.37297,0.58759,0.58959,0.42357,0.34329,0.27826,0.50183,0.59347,0.44815166666666667,0.10897000939351258
Naogaon,2012,0.64699,0.43944,0.35565,0.3561,0.34008,0.55056,0.57687,0.37087,0.40201,0.27562,0.62024,0.65839,0.4660683333333333,0.13013107435923554
Naogaon,2013,0.69184,0.47292,0.37451,0.41179,0.37082,0.53121,0.58308,0.41515,0.37434,0.34629,0.48412,0.68046,0.4780441666666666,0.1152094049588497
Naogaon,2014,0.67112,0.43583,0.37101,0.38075,0.39563,0.6218,0.57575,0.3915,0.35841,0.36084,0.42607,0.6854,0.4728424999999999,0.1217576678711311
Naogaon,2015,0.64347,0.46385,0.34078,0.33447,0.48833,0.64815,0.59141,0.47526,0.38678,0.38019,0.51956,0.67554,0.4956491666666667,0.1168464278771024
Naogaon,2016,0.68235,0.41277,0.37876,0.37269,0.4628,0.65192,0.54214,0.43207,0.42714,0.32449,0.50059,0.66237,0.4875075,0.11662808196177854
Naogaon,2017,0.68464,0.53759,0.42533,0.3798,0.42937,0.65534,0.63314,0.48872,0.41292,0.37949,0.51938,0.72114,0.5222383333333332,0.1183042497006013
Naogaon,2018,0.68587,0.52406,0.39997,0.37746,0.45545,0.68424,0.64121,0.4564,0.43379,0.32912,0.53012,0.73218,0.5208225,0.1294586434686769
Naogaon,2019,0.72945,0.55046,0.38679,0.41806,0.41214,0.70183,0.64288,0.4847,0.48449,0.37708,0.57605,0.6822,0.5371775,0.12300813849260814
Sylhet,2011,0.64414,0.54499,0.43117,0.40389,0.46538,0.52178,0.55638,0.50526,0.29906,0.40796,0.48039,0.6214,0.49015000000000003,0.09330099713650795
Sylhet,2012,0.60034,0.48826,0.43755,0.3829,0.40218,0.45845,0.52255,0.48418,0.29498,0.3623,0.48865,0.59117,0.4594591666666667,0.08640257388704085
Sylhet,2013,0.68849,0.57175,0.42908,0.4187,0.45363,0.49576,0.54784,0.42043,0.34817,0.44882,0.55448,0.64631,0.5019549999999998,0.09708443382781129
Sylhet,2014,0.61093,0.53357,0.43831,0.42652,0.46547,0.49645,0.53663,0.48491,0.37556,0.45322,0.31968,0.53962,0.4734058333333333,0.07565464134895418
Sylhet,2015,0.57707,0.52125,0.46664,0.40253,0.4435,0.48334,0.5296,0.4636,0.35683,0.34531,0.33394,0.56371,0.4572766666666667,0.08001754894327175
Sylhet,2016,0.64246,0.50885,0.46859,0.45921,0.48855,0.56844,0.46246,0.43177,0.36618,0.3429,0.52926,0.65611,0.4937316666666667,0.09185427088903136
Sylhet,2017,0.64537,0.58406,0.50574,0.4664,0.49019,0.58379,0.46834,0.50739,0.28048,0.33513,0.29672,0.57786,0.47845583333333336,0.11354905984186847
Sylhet,2018,0.64847,0.5904,0.50288,0.45974,0.51708,0.58522,0.57006,0.48191,0.29877,0.49424,0.52424,0.6245,0.5247925000000001,0.08844630707619548
Sylhet,2019,0.68342,0.60915,0.49341,0.45344,0.50219,0.57655,0.59696,0.51557,0.42051,0.3669,0.53342,0.68422,0.5363116666666667,0.09422578157749019
Sunamganj,2011,0.41492,0.35268,0.30132,0.35559,0.49647,0.62404,0.56495,0.38432,0.15254,0.15775,0.22706,0.36783,0.3666225,0.14101492333112595
Sunamganj,2012,0.36376,0.31665,0.27175,0.26401,0.48868,0.58552,0.51342,0.303,0.10359,0.14963,0.21387,0.26996,0.32032,0.13954353759072233
Sunamganj,2013,0.46738,0.34371,0.27433,0.34309,0.50415,0.60535,0.5442,0.23125,0.17159,0.25,0.27463,0.40877,0.36820416666666667,0.13145352495960524
Sunamganj,2014,0.39758,0.3257,0.30708,0.38807,0.52732,0.62549,0.54605,0.38045,0.14921,0.19923,0.10536,0.26682,0.35153000000000006,0.15346918621230343
Sunamganj,2015,0.37256,0.32613,0.31543,0.30798,0.52391,0.61636,0.54176,0.28213,0.14001,0.20126,0.16664,0.32496,0.34326083333333335,0.14333304762326177
Sunamganj,2016,0.40228,0.34163,0.31661,0.36063,0.53021,0.57496,0.41418,0.23345,0.18773,0.14912,0.25307,0.39114,0.34625083333333334,0.12329515457215755
Sunamganj,2017,0.44143,0.3549,0.31657,0.31098,0.56346,0.58628,0.28921,0.27896,0.09691,0.15113,0.10484,0.30829,0.3169133333333333,0.15096062965407755
Sunamganj,2018,0.43185,0.38708,0.37287,0.40716,0.53063,0.64996,0.55728,0.31924,0.16906,0.23595,0.30675,0.38915,0.396415,0.12963949060760768
Sunamganj,2019,0.46694,0.39798,0.32277,0.34766,0.57668,0.65805,0.58569,0.35499,0.20519,0.17918,0.26767,0.40903,0.39765249999999996,0.14483908968950107
Habiganj,2011,0.61344,0.49049,0.38748,0.37317,0.50257,0.60963,0.56957,0.4237,0.32751,0.41657,0.47966,0.57436,0.4806791666666667,0.09245253047360152
Habiganj,2012,0.58316,0.47604,0.38299,0.33662,0.46782,0.54821,0.53133,0.40115,0.38468,0.44352,0.45071,0.56801,0.46452000000000004,0.07660737116405096
Habiganj,2013,0.65089,0.49812,0.38569,0.40984,0.50263,0.59927,0.56729,0.33668,0.35803,0.41428,0.46576,0.60116,0.48246999999999995,0.10010463534056085
Habiganj,2014,0.63981,0.52504,0.41048,0.42086,0.53141,0.59234,0.53508,0.44369,0.44176,0.49466,0.33326,0.6298,0.49984916666666673,0.08964555282317256
Habiganj,2015,0.6134,0.51671,0.42235,0.36571,0.50915,0.60488,0.56634,0.46277,0.41729,0.43428,0.44215,0.64437,0.49995000000000006,0.08632403489179591
Habiganj,2016,0.61217,0.47757,0.43585,0.43699,0.53421,0.63506,0.52241,0.42079,0.39658,0.38973,0.51597,0.59408,0.49761750000000005,0.08126694552778925
Habiganj,2017,0.66447,0.53356,0.45007,0.39608,0.5604,0.64502,0.53209,0.49303,0.3257,0.4185,0.35807,0.61535,0.4993616666666667,0.10711906652827446
Habiganj,2018,0.63241,0.55866,0.45799,0.45505,0.56062,0.67141,0.59069,0.39702,0.37082,0.47426,0.53563,0.63461,0.5282641666666668,0.09300425030236821
Habiganj,2019,0.67229,0.56048,0.43474,0.41532,0.5581,0.67533,0.6084,0.47156,0.45495,0.39985,0.51096,0.65445,0.5347025,0.09705245318254455
Satkhira,2011,0.45824,0.45866,0.39873,0.38527,0.38148,0.43416,0.41492,0.31766,0.26768,0.28315,0.31787,0.39342,0.37593666666666664,0.062293971796813716
Satkhira,2012,0.52233,0.47218,0.41916,0.3754,0.39683,0.41263,0.39246,0.32237,0.2871,0.26613,0.31213,0.47801,0.38806083333333335,0.0764653738039135
Satkhira,2013,0.53387,0.45811,0.40671,0.38613,0.38447,0.44965,0.42213,0.28815,0.363,0.3161,0.35926,0.52221,0.40748249999999997,0.07163169737448638
Satkhira,2014,0.52228,0.4564,0.39051,0.39072,0.41445,0.47755,0.41763,0.3301,0.27688,0.27583,0.36451,0.52635,0.40360083333333335,0.08029848623088869
Satkhira,2015,0.51442,0.48079,0.40336,0.38035,0.42844,0.46594,0.415,0.36863,0.31516,0.27526,0.36483,0.52393,0.4113425000000001,0.07313914024253133
Satkhira,2016,0.51134,0.45268,0.42306,0.42151,0.44985,0.4909,0.36321,0.36803,0.38878,0.29076,0.40065,0.44967,0.41753666666666667,0.05782590283678145
Satkhira,2017,0.52558,0.50067,0.45887,0.43668,0.44006,0.49417,0.38248,0.40119,0.29871,0.26414,0.39559,0.50919,0.42561083333333344,0.07867950500377395
Satkhira,2018,0.54651,0.49444,0.44442,0.42643,0.42462,0.49921,0.42455,0.37292,0.35794,0.38445,0.4195,0.5344,0.4441158333333333,0.059118910885651105
Satkhira,2019,0.56541,0.49152,0.4229,0.45022,0.39655,0.48701,0.46591,0.36037,0.37201,0.39812,0.36529,0.53011,0.44211833333333334,0.06449358312180281
Narail,2011,0.60483,0.52359,0.45982,0.47497,0.48833,0.51692,0.50729,0.48603,0.38403,0.45262,0.44108,0.5841,0.4936341666666668,0.05788604199320323
Narail,2012,0.64547,0.55075,0.45543,0.43065,0.50001,0.49765,0.50082,0.45258,0.47595,0.46185,0.53194,0.64983,0.5127441666666667,0.06852122195085905
Narail,2013,0.68745,0.53093,0.48428,0.51496,0.49008,0.52142,0.5578,0.48205,0.55204,0.52266,0.48367,0.66731,0.5412208333333333,0.06574978434164042
Narail,2014,0.68967,0.529,0.42821,0.50472,0.56913,0.55185,0.485,0.43805,0.42934,0.49517,0.49741,0.70245,0.5266666666666666,0.0870811475323767
Narail,2015,0.64194,0.53671,0.45625,0.48888,0.56889,0.5637,0.52095,0.54811,0.4856,0.44147,0.51123,0.70519,0.5390766666666666,0.07224243943524854
Narail,2016,0.62621,0.52314,0.4889,0.52061,0.5938,0.55606,0.41691,0.56076,0.62494,0.44657,0.51445,0.67377,0.54551,0.0727810402279788
Narail,2017,0.678,0.56549,0.51851,0.50796,0.57987,0.57342,0.52824,0.60402,0.4991,0.44036,0.50525,0.70448,0.5587250000000001,0.07290413688536476
Narail,2018,0.67018,0.55577,0.49013,0.50959,0.59034,0.60792,0.5355,0.54891,0.50487,0.52459,0.54969,0.70455,0.5660033333333333,0.06349691191091282
Narail,2019,0.70591,0.57225,0.52233,0.53165,0.5283,0.62022,0.58455,0.57438,0.52158,0.5638,0.4739,0.68627,0.5737616666666666,0.06562432537219379
Meherpur,2011,0.55984,0.51779,0.47854,0.57094,0.54263,0.52672,0.51732,0.49994,0.48629,0.45079,0.58972,0.56542,0.5254949999999999,0.04016703551006306
Meherpur,2012,0.63037,0.54187,0.53373,0.54503,0.52967,0.47569,0.48173,0.41544,0.47356,0.5239,0.58911,0.63543,0.5312941666666667,0.06236357196023084
Meherpur,2013,0.65915,0.51675,0.52939,0.61115,0.58614,0.46927,0.46756,0.54584,0.58537,0.51144,0.57836,0.61785,0.5565225,0.057340923304535885
Meherpur,2014,0.61921,0.50032,0.52888,0.63111,0.6101,0.49448,0.43088,0.49054,0.54966,0.58433,0.51496,0.64289,0.54978,0.06437973076468503
Meherpur,2015,0.62397,0.51741,0.49852,0.61638,0.59361,0.50927,0.49166,0.54671,0.52294,0.53995,0.51073,0.6589,0.5525041666666667,0.05379331378190871
Meherpur,2016,0.62834,0.49748,0.5076,0.58991,0.59355,0.48038,0.42557,0.54757,0.58419,0.53194,0.59747,0.61664,0.5500533333333334,0.059657164187454384
Meherpur,2017,0.7169,0.55562,0.53492,0.55296,0.58171,0.51057,0.47432,0.59544,0.55605,0.47935,0.56303,0.67064,0.5659591666666667,0.06780569229525563
Meherpur,2018,0.68821,0.55688,0.55414,0.60708,0.57886,0.59194,0.52804,0.53037,0.54461,0.45416,0.53504,0.68789,0.571435,0.06378502103419999
Meherpur,2019,0.71054,0.59057,0.57793,0.6612,0.59862,0.56325,0.54206,0.58308,0.58553,0.57462,0.53654,0.71162,0.6029633333333333,0.056840920901133254
Magura,2011,0.57729,0.50503,0.44059,0.48775,0.49184,0.50973,0.50775,0.5646,0.45523,0.43304,0.48555,0.61264,0.50592,0.052469948859640916
Magura,2012,0.64608,0.52662,0.45295,0.45796,0.48573,0.47585,0.49108,0.51812,0.48441,0.51594,0.47068,0.6468,0.5143516666666667,0.063020632313729
Magura,2013,0.69476,0.49058,0.46091,0.52882,0.5167,0.48216,0.5399,0.53285,0.57355,0.48777,0.50652,0.71309,0.5439675,0.07716780623258641
Magura,2014,0.69716,0.50014,0.42503,0.51583,0.55821,0.50595,0.49718,0.57183,0.54037,0.45216,0.49014,0.73822,0.5410183333333334,0.0884631888446011
Magura,2015,0.64571,0.49777,0.4415,0.49657,0.55449,0.50388,0.53936,0.62538,0.56183,0.43249,0.49507,0.73417,0.5440183333333334,0.08411947810835622
Magura,2016,0.62345,0.48798,0.47073,0.53145,0.5498,0.49812,0.46167,0.6303,0.62933,0.46702,0.49417,0.65981,0.5419858333333334,0.07094276066641486
Magura,2017,0.64435,0.54532,0.49735,0.49646,0.5422,0.53002,0.54192,0.68057,0.57795,0.4017,0.53609,0.73029,0.5603516666666666,0.0848147055678174
Magura,2018,0.68571,0.55032,0.48194,0.51797,0.56805,0.6025,0.54757,0.50947,0.55368,0.38602,0.48363,0.77889,0.5554791666666666,0.09667142196277842
Magura,2019,0.76836,0.56657,0.50487,0.54977,0.51157,0.59149,0.59191,0.62704,0.52149,0.52971,0.49797,0.77073,0.5859566666666667,0.0903793369022416
Khulna,2011,0.54532,0.54442,0.46255,0.42903,0.41426,0.44854,0.43893,0.3311,0.26697,0.24085,0.35328,0.43996,0.40960083333333336,0.09185662183155636
Khulna,2012,0.57937,0.55138,0.4778,0.39954,0.43039,0.41346,0.43001,0.3681,0.28317,0.25997,0.31501,0.4742,0.4152,0.09459545293864113
Khulna,2013,0.60272,0.55816,0.45918,0.43192,0.43148,0.46254,0.43975,0.3509,0.37192,0.32522,0.34218,0.54771,0.44364000000000003,0.08573835849062349
Khulna,2014,0.59443,0.55073,0.45539,0.43261,0.45282,0.47305,0.43558,0.38397,0.28961,0.29161,0.35004,0.55638,0.4388516666666667,0.09446110326772367
Khulna,2015,0.59067,0.58331,0.46189,0.41761,0.45237,0.48105,0.42988,0.39208,0.31684,0.27974,0.34475,0.56082,0.4425841666666667,0.09699574839980818
Khulna,2016,0.58976,0.54817,0.47689,0.45188,0.48797,0.5007,0.41747,0.40616,0.38541,0.26605,0.37812,0.48618,0.4495633333333333,0.08234686781468308
Khulna,2017,0.613,0.59796,0.52272,0.46296,0.47308,0.50645,0.43351,0.44377,0.29871,0.2381,0.37996,0.54505,0.45960583333333327,0.10745947193076508
Khulna,2018,0.60013,0.58256,0.49552,0.46014,0.46345,0.51564,0.44477,0.4117,0.36743,0.3843,0.40407,0.54586,0.47296416666666663,0.07324307674430548
Khulna,2019,0.59699,0.57099,0.50133,0.47471,0.44092,0.49527,0.49404,0.43049,0.37569,0.40708,0.34487,0.53491,0.4722741666666667,0.07280936277456965
Jhenaidah,2011,0.61646,0.53333,0.4534,0.4678,0.48938,0.57194,0.54457,0.50502,0.45779,0.42326,0.56614,0.62253,0.5209683333333334,0.0625598473241601
Jhenaidah,2012,0.67066,0.53682,0.48151,0.46551,0.46403,0.5133,0.53747,0.47542,0.45142,0.48574,0.52735,0.69694,0.5255141666666666,0.07625394748889325
Jhenaidah,2013,0.72648,0.51355,0.4831,0.51346,0.49386,0.52318,0.59428,0.57837,0.52305,0.48976,0.54535,0.72838,0.5594016666666667,0.08167857367279514
Jhenaidah,2014,0.70629,0.51508,0.45489,0.5044,0.5481,0.56378,0.51593,0.49222,0.50967,0.51376,0.57845,0.751,0.5544641666666666,0.0843480576202295
Jhenaidah,2015,0.69438,0.5343,0.44023,0.47399,0.54066,0.55654,0.55686,0.57641,0.48023,0.3969,0.5678,0.75746,0.5479799999999999,0.09635377176495653
Jhenaidah,2016,0.67131,0.51295,0.47068,0.48542,0.54309,0.55534,0.48606,0.56855,0.58127,0.50374,0.53185,0.66622,0.54804,0.06322444108096172
Jhenaidah,2017,0.77219,0.57693,0.50826,0.48107,0.54175,0.57902,0.55615,0.61119,0.52619,0.44617,0.59698,0.74217,0.5781725,0.09230348143714118
Jhenaidah,2018,0.72051,0.5654,0.48241,0.48706,0.55252,0.64457,0.57485,0.49823,0.56859,0.43941,0.50839,0.79613,0.5698391666666667,0.1001050104022715
Jhenaidah,2019,0.7941,0.59581,0.51241,0.53587,0.51276,0.66632,0.60717,0.55682,0.50433,0.52657,0.55795,0.78643,0.5963783333333333,0.09760198767044768
Chuadanga,2011,0.54625,0.52949,0.50188,0.52074,0.50487,0.54854,0.53558,0.4809,0.49579,0.49126,0.58812,0.5572,0.5250516666666666,0.030349428284931864
Chuadanga,2012,0.59738,0.5452,0.5448,0.52936,0.51138,0.51389,0.49974,0.4257,0.46233,0.55065,0.59686,0.64253,0.534985,0.05717783464770243
Chuadanga,2013,0.64407,0.51059,0.5512,0.56645,0.53481,0.52424,0.52997,0.56691,0.53796,0.52445,0.60353,0.64733,0.5617925,0.04446292034287297
Chuadanga,2014,0.61944,0.51149,0.55685,0.5756,0.58511,0.57556,0.45817,0.46688,0.52128,0.56469,0.63433,0.64013,0.5591275,0.05738088417539415
Chuadanga,2015,0.59495,0.5363,0.54089,0.53277,0.58037,0.58276,0.51585,0.51287,0.46838,0.55294,0.5926,0.64573,0.5547008333333333,0.045196569091457466
Chuadanga,2016,0.58903,0.53959,0.55129,0.55794,0.59549,0.5584,0.46714,0.51455,0.55565,0.55702,0.58431,0.58777,0.5548483333333333,0.03459488734705688
Chuadanga,2017,0.68947,0.56186,0.58021,0.56499,0.57551,0.57305,0.51247,0.58069,0.51292,0.46583,0.61118,0.66314,0.5742766666666667,0.05929672072626687
Chuadanga,2018,0.6258,0.58233,0.58156,0.57593,0.57072,0.64575,0.56033,0.50109,0.54166,0.49699,0.57368,0.66838,0.5770183333333334,0.04937091229211341
Chuadanga,2019,0.67491,0.60038,0.5906,0.61957,0.56194,0.64484,0.58275,0.55747,0.52586,0.56514,0.55741,0.68745,0.59736,0.048078308171842596
Tangail,2011,0.62776,0.55523,0.4774,0.41633,0.4371,0.58113,0.60151,0.50703,0.44917,0.34886,0.48088,0.61631,0.5082258333333334,0.08479642007560749
Tangail,2012,0.63704,0.56386,0.4712,0.4229,0.37528,0.55937,0.61573,0.46067,0.48367,0.51565,0.53376,0.55762,0.5163958333333334,0.07382275027143659
Tangail,2013,0.7047,0.54808,0.49316,0.46717,0.42343,0.57764,0.59728,0.43955,0.46802,0.4114,0.4867,0.6692,0.5238608333333333,0.09183002608609138
Tangail,2014,0.6644,0.54479,0.49922,0.45222,0.44437,0.60845,0.58487,0.48018,0.4373,0.46014,0.44246,0.66811,0.5238758333333333,0.08367604092155385
Tangail,2015,0.66225,0.55557,0.48285,0.44213,0.42275,0.61629,0.60576,0.52431,0.45946,0.44398,0.38961,0.68868,0.52447,0.09561453986362813
Tangail,2016,0.65473,0.54581,0.50844,0.48276,0.46937,0.60188,0.57026,0.51883,0.51119,0.4089,0.53586,0.61439,0.5352016666666667,0.06515538975318073
Tangail,2017,0.65965,0.60686,0.57969,0.51851,0.46879,0.60304,0.62527,0.5826,0.34763,0.40212,0.4545,0.62366,0.53936,0.09542692605688746
Tangail,2018,0.66875,0.59621,0.53558,0.48333,0.49517,0.65381,0.64162,0.53278,0.46426,0.43942,0.59268,0.68197,0.565465,0.08129693634038943
Tangail,2019,0.71431,0.61196,0.50406,0.52398,0.46912,0.66106,0.66602,0.52897,0.48079,0.43658,0.55609,0.65724,0.567515,0.08751831451187803
Sherpur,2011,0.7263,0.57819,0.44628,0.36527,0.47096,0.65866,0.62697,0.44909,0.44906,0.31595,0.48871,0.62981,0.5171041666666667,0.1200797164705134
Sherpur,2012,0.67593,0.56871,0.39548,0.35144,0.34395,0.615,0.62254,0.43717,0.51111,0.39551,0.50424,0.69793,0.5099175000000001,0.12050683556856849
Sherpur,2013,0.77376,0.58122,0.4434,0.39959,0.40381,0.66001,0.65221,0.47951,0.46395,0.39522,0.48969,0.71904,0.5384508333333333,0.1277667353981683
Sherpur,2014,0.65823,0.55006,0.45862,0.39433,0.44376,0.67679,0.62261,0.45627,0.39282,0.39658,0.35352,0.64452,0.5040091666666667,0.11406034407703765
Sherpur,2015,0.66678,0.55605,0.43762,0.35735,0.46536,0.69207,0.63944,0.46096,0.37767,0.49578,0.48129,0.69933,0.5274749999999999,0.11556468257358446
Sherpur,2016,0.70464,0.53865,0.46084,0.40399,0.46959,0.67859,0.61802,0.4928,0.3897,0.36826,0.53262,0.70159,0.5299408333333334,0.11597024133072052
Sherpur,2017,0.69274,0.58909,0.50587,0.42798,0.48897,0.68687,0.64296,0.5394,0.37274,0.39548,0.44206,0.72551,0.5424725,0.11797719943029952
Sherpur,2018,0.74685,0.62697,0.46567,0.40247,0.51209,0.73498,0.65434,0.50838,0.36617,0.46058,0.60528,0.76888,0.5710550000000001,0.13205389161878822
Sherpur,2019,0.75202,0.59514,0.46097,0.42051,0.47489,0.74669,0.72862,0.5302,0.4875,0.39305,0.51037,0.7327,0.5693883333333333,0.13011142768369305
Shariatpur,2011,0.50634,0.45877,0.44135,0.47084,0.46077,0.45309,0.47461,0.50046,0.40196,0.36957,0.403,0.41074,0.4459583333333334,0.04017544292088002
Shariatpur,2012,0.51806,0.47279,0.42786,0.43697,0.43684,0.40791,0.48809,0.44127,0.48824,0.38971,0.35182,0.44954,0.442425,0.044094086054708055
Shariatpur,2013,0.58641,0.47506,0.50039,0.513,0.48006,0.46219,0.4852,0.4433,0.47561,0.40228,0.4008,0.54029,0.48038249999999993,0.050422227592765746
Shariatpur,2014,0.54238,0.46812,0.45142,0.53331,0.50901,0.43175,0.43447,0.44998,0.50096,0.47063,0.43005,0.5582,0.48168999999999995,0.04372078357791253
Shariatpur,2015,0.54599,0.47864,0.47707,0.5344,0.50231,0.46099,0.48034,0.5118,0.46643,0.35302,0.37601,0.55269,0.47830750000000005,0.0588546183581487
Shariatpur,2016,0.53737,0.49228,0.45797,0.51941,0.501,0.47136,0.43872,0.55381,0.52417,0.37599,0.46056,0.50183,0.4862058333333333,0.046823757762189736
Shariatpur,2017,0.56268,0.52042,0.5011,0.52236,0.50995,0.49898,0.48491,0.5672,0.47293,0.377,0.4135,0.53513,0.49717999999999996,0.053364510991232114
Shariatpur,2018,0.59112,0.5268,0.51217,0.5177,0.51001,0.4935,0.48832,0.49965,0.39546,0.48853,0.44372,0.56146,0.50237,0.04804427471960976
Shariatpur,2019,0.58929,0.52762,0.46619,0.54986,0.52308,0.52168,0.55407,0.53589,0.47996,0.45971,0.43298,0.54052,0.5150708333333333,0.043791120001345274
Rajbari,2011,0.50918,0.43646,0.40418,0.45414,0.44368,0.41777,0.45702,0.5941,0.43854,0.39345,0.36687,0.50351,0.451575,0.0582869377162099
Rajbari,2012,0.57426,0.47892,0.41013,0.43052,0.4382,0.37043,0.39463,0.5489,0.512,0.48468,0.40734,0.51853,0.464045,0.06242293094955839
Rajbari,2013,0.59352,0.44404,0.4094,0.47342,0.48547,0.39987,0.42268,0.54675,0.49857,0.42546,0.38192,0.59951,0.47338416666666666,0.07076722587214287
Rajbari,2014,0.60824,0.44691,0.40042,0.48991,0.49803,0.43224,0.43436,0.57111,0.52578,0.4294,0.43851,0.62467,0.4916316666666667,0.0722525776741256
Rajbari,2015,0.57946,0.45587,0.39184,0.46249,0.48892,0.42857,0.49366,0.6132,0.50744,0.288,0.39503,0.62777,0.47768750000000004,0.09390395653050691
Rajbari,2016,0.5625,0.4463,0.42431,0.48006,0.4786,0.42488,0.42047,0.60208,0.5114,0.37055,0.42633,0.56617,0.4761374999999999,0.06808255700801782
Rajbari,2017,0.59658,0.49325,0.46445,0.46502,0.47108,0.44075,0.4831,0.65152,0.44772,0.39245,0.40459,0.59231,0.49190166666666674,0.07669687095239863
Rajbari,2018,0.61186,0.51207,0.45365,0.48273,0.48513,0.48585,0.51078,0.55321,0.52181,0.35343,0.40185,0.62965,0.5001683333333334,0.07465164530820619
Rajbari,2019,0.65688,0.5223,0.45118,0.49097,0.49631,0.50084,0.54752,0.65096,0.53008,0.4684,0.45517,0.63889,0.534125,0.07180081899486476
Netrakona,2011,0.62545,0.46609,0.33542,0.32043,0.49721,0.68607,0.63797,0.44203,0.30398,0.22885,0.31027,0.52462,0.44819916666666665,0.14422074714699995
Netrakona,2012,0.57587,0.45464,0.30912,0.27406,0.43571,0.66213,0.60827,0.37863,0.24804,0.2946,0.30775,0.46266,0.4176233333333334,0.13378048327598294
Netrakona,2013,0.68388,0.46933,0.33142,0.34156,0.46385,0.6917,0.60223,0.35161,0.32483,0.31145,0.35123,0.63991,0.4635833333333334,0.1445769979015411
Netrakona,2014,0.53328,0.41848,0.33996,0.35524,0.45761,0.67896,0.60711,0.40168,0.2678,0.28847,0.21641,0.46552,0.4192099999999999,0.13267565287823788
Netrakona,2015,0.56351,0.45962,0.36848,0.29774,0.48236,0.70212,0.63251,0.32503,0.22632,0.35522,0.27959,0.55009,0.4368824999999999,0.1450153695374505
Netrakona,2016,0.5994,0.44349,0.36007,0.35581,0.50023,0.61754,0.54817,0.40909,0.28437,0.24865,0.36442,0.57453,0.44214749999999997,0.11947538736248846
Netrakona,2017,0.60615,0.50936,0.41714,0.34585,0.53975,0.61979,0.52672,0.4213,0.17611,0.26616,0.23853,0.55122,0.43483999999999995,0.14272549672944446
Netrakona,2018,0.62254,0.51431,0.39364,0.37315,0.53039,0.72868,0.61633,0.39778,0.26269,0.30263,0.49221,0.58415,0.48487499999999994,0.1352440891191429
Netrakona,2019,0.6655,0.50519,0.3591,0.34799,0.52907,0.73751,0.65755,0.43683,0.29961,0.28588,0.36305,0.58299,0.4808558333333333,0.14823790908864107
Narsingdi,2011,0.64923,0.5737,0.45637,0.41606,0.4702,0.61012,0.61783,0.51505,0.34627,0.33673,0.52337,0.56044,0.5062808333333333,0.09907548430854235
Narsingdi,2012,0.61443,0.57711,0.44326,0.39314,0.43889,0.56448,0.59311,0.45875,0.4723,0.4957,0.4595,0.51351,0.502015,0.06739289570619938
Narsingdi,2013,0.65567,0.56652,0.49373,0.46744,0.45991,0.61578,0.61164,0.46753,0.41576,0.39908,0.42844,0.55128,0.511065,0.08258834567701828
Narsingdi,2014,0.65625,0.58924,0.50681,0.47967,0.49465,0.61304,0.56545,0.50614,0.45318,0.50242,0.35402,0.61355,0.5278683333333334,0.08012885194415861
Narsingdi,2015,0.63969,0.57814,0.50864,0.43689,0.48117,0.62171,0.59922,0.48161,0.43579,0.37298,0.43397,0.64094,0.5192291666666666,0.08900903029640056
Narsingdi,2016,0.6547,0.57489,0.53296,0.49858,0.50862,0.64175,0.53632,0.54581,0.44183,0.45341,0.54935,0.57671,0.5429108333333335,0.061908665044877915
Narsingdi,2017,0.65437,0.58576,0.54922,0.49036,0.52744,0.64692,0.6133,0.64061,0.43623,0.52418,0.41634,0.60566,0.5575325000000001,0.0773204201278679
Narsingdi,2018,0.661,0.60926,0.54461,0.48862,0.53818,0.65706,0.62594,0.47815,0.46457,0.42154,0.60286,0.64239,0.5611816666666667,0.07947230039803525
Narsingdi,2019,0.69796,0.60689,0.5,0.52449,0.55153,0.66611,0.65681,0.52484,0.49967,0.49583,0.52637,0.63072,0.573435,0.0705666770390482
Narayanganj,2011,0.55727,0.48016,0.38615,0.37326,0.40859,0.51476,0.55003,0.49246,0.36539,0.39328,0.52809,0.50976,0.46326666666666655,0.0695420074886795
Narayanganj,2012,0.54511,0.5141,0.38866,0.34998,0.38183,0.48163,0.53558,0.41635,0.40379,0.44982,0.40055,0.48043,0.4456525,0.06211887637492595
Narayanganj,2013,0.5908,0.4869,0.42706,0.39856,0.40597,0.53077,0.52585,0.41897,0.4503,0.40866,0.47515,0.53108,0.47083916666666675,0.060028749009444535
Narayanganj,2014,0.58162,0.49656,0.42531,0.41687,0.4269,0.51647,0.48591,0.4596,0.3833,0.49958,0.4153,0.57854,0.47383000000000003,0.06147605983904088
Narayanganj,2015,0.57497,0.50476,0.44496,0.40997,0.40801,0.50615,0.52551,0.43208,0.3703,0.29541,0.45212,0.57516,0.4582833333333334,0.07972825976751002
Narayanganj,2016,0.57608,0.51039,0.44759,0.42991,0.43111,0.52322,0.48454,0.49891,0.44416,0.41994,0.48973,0.54411,0.4833075,0.0477108778870186
Narayanganj,2017,0.57319,0.528,0.48189,0.4294,0.43231,0.53356,0.53184,0.51258,0.38258,0.50675,0.42114,0.5689,0.4918450000000001,0.05939587534781631
Narayanganj,2018,0.58008,0.52396,0.45927,0.4253,0.4391,0.52024,0.54955,0.44924,0.43254,0.43461,0.5528,0.57257,0.4949383333333333,0.05769868684717954
Narayanganj,2019,0.6234,0.53672,0.45147,0.45856,0.44432,0.57327,0.57256,0.47785,0.42235,0.5332,0.46464,0.56329,0.5101358333333333,0.06193247606040162
Mymensingh,2011,0.74201,0.6103,0.43158,0.36882,0.45243,0.63759,0.64722,0.49391,0.40912,0.37417,0.49052,0.61586,0.5227941666666666,0.11793360889771368
Mymensingh,2012,0.70429,0.61976,0.43051,0.34354,0.37027,0.5967,0.62312,0.4687,0.44428,0.46956,0.50937,0.64561,0.5188091666666668,0.11134795488754559
Mymensingh,2013,0.75547,0.60928,0.443,0.39904,0.4141,0.6398,0.65324,0.40637,0.46404,0.42568,0.46868,0.72192,0.5333849999999999,0.12698169142964405
Mymensingh,2014,0.70411,0.58971,0.43905,0.40205,0.43375,0.62999,0.61263,0.45165,0.40586,0.43313,0.41334,0.66866,0.5153275,0.11022646529796433
Mymensingh,2015,0.71241,0.59576,0.43948,0.3484,0.44849,0.6564,0.61041,0.47045,0.39747,0.47203,0.46301,0.7302,0.5287091666666667,0.12140684140925592
Mymensingh,2016,0.71484,0.55934,0.45683,0.4201,0.45313,0.652,0.5883,0.52405,0.43166,0.3967,0.54285,0.6937,0.5361250000000001,0.1043384237709196
Mymensingh,2017,0.70881,0.60839,0.51712,0.4268,0.48309,0.65134,0.64218,0.57144,0.36104,0.40745,0.44358,0.70996,0.5442666666666666,0.11587970093544811
Mymensingh,2018,0.74839,0.63886,0.47197,0.40889,0.50373,0.69459,0.63475,0.51156,0.41218,0.42525,0.63363,0.73093,0.5678941666666667,0.12090179351153381
Mymensingh,2019,0.77526,0.62359,0.45609,0.42711,0.48117,0.70248,0.69378,0.53685,0.47001,0.45153,0.53916,0.70914,0.5721808333333334,0.11709890402691886
Munshiganj,2011,0.54398,0.46328,0.40588,0.5074,0.51438,0.47534,0.50826,0.53847,0.41308,0.4171,0.51491,0.52739,0.4857891666666667,0.04790237023682184
Munshiganj,2012,0.55473,0.48612,0.38425,0.48342,0.52587,0.41996,0.54354,0.44269,0.42216,0.3964,0.48303,0.56034,0.4752091666666667,0.05948578926353382
Munshiganj,2013,0.60743,0.44802,0.45042,0.52866,0.54358,0.47668,0.51401,0.48426,0.49626,0.46432,0.5105,0.60146,0.5104666666666667,0.05065124386977635
Munshiganj,2014,0.56293,0.46388,0.41324,0.55872,0.58123,0.46021,0.44511,0.48121,0.44739,0.51205,0.5067,0.61591,0.5040483333333334,0.06054204679853131
Munshiganj,2015,0.5323,0.46634,0.44941,0.58554,0.56143,0.48985,0.51983,0.47284,0.43875,0.38736,0.39543,0.60773,0.4922341666666667,0.06789486915547366
Munshiganj,2016,0.56153,0.48422,0.43597,0.55319,0.53873,0.49742,0.50242,0.5517,0.53753,0.44174,0.5921,0.58808,0.5237191666666667,0.04953232992338326
Munshiganj,2017,0.58119,0.50389,0.46961,0.50031,0.57868,0.53062,0.54414,0.58409,0.4226,0.50708,0.48475,0.61223,0.5265991666666667,0.05327368385021091
Munshiganj,2018,0.59839,0.50179,0.48168,0.55099,0.5727,0.52489,0.53918,0.50174,0.45979,0.50323,0.51758,0.62564,0.5314666666666666,0.04645986661146968
Munshiganj,2019,0.61868,0.5123,0.45335,0.56948,0.58499,0.56537,0.59395,0.53336,0.44426,0.51564,0.52271,0.59944,0.5427941666666666,0.05358442007062833
Madaripur,2011,0.55004,0.49283,0.50009,0.51642,0.5138,0.50945,0.54369,0.5548,0.45739,0.39829,0.50392,0.53553,0.5063541666666667,0.0418035204774138
Madaripur,2012,0.57497,0.51287,0.48681,0.47663,0.47565,0.46548,0.55826,0.54279,0.51163,0.41585,0.41382,0.56948,0.5003533333333333,0.05242890381798531
Madaripur,2013,0.63768,0.50081,0.52271,0.54933,0.50946,0.51738,0.5551,0.48654,0.56292,0.4543,0.46267,0.61352,0.531035,0.05345095111408215
Madaripur,2014,0.60712,0.50615,0.47649,0.55439,0.56228,0.49549,0.49199,0.50086,0.51174,0.51507,0.4889,0.65701,0.5306241666666666,0.05234003796622195
Madaripur,2015,0.58871,0.48617,0.49005,0.56633,0.53785,0.50567,0.55023,0.58269,0.49396,0.35575,0.43429,0.65807,0.5208141666666667,0.07546223309911758
Madaripur,2016,0.58748,0.52782,0.51918,0.56861,0.53716,0.50105,0.49053,0.625,0.6138,0.37347,0.48117,0.59175,0.5347516666666667,0.0669821671334161
Madaripur,2017,0.5928,0.53364,0.55109,0.56551,0.54406,0.52055,0.55623,0.64893,0.49871,0.41566,0.48225,0.62506,0.5445408333333334,0.06028689568199893
Madaripur,2018,0.60752,0.53232,0.53152,0.54722,0.56266,0.55306,0.54782,0.56295,0.44018,0.49303,0.48594,0.65452,0.5432283333333333,0.05330441458161686
Madaripur,2019,0.65776,0.55097,0.50036,0.55588,0.55207,0.56731,0.60047,0.62005,0.49647,0.50005,0.46792,0.63049,0.5583166666666667,0.05745739977486701
Kishoreganj,2011,0.4146,0.37284,0.31456,0.35134,0.54216,0.67637,0.59231,0.37981,0.22944,0.14408,0.26511,0.36527,0.38732416666666664,0.1462470380018192
Kishoreganj,2012,0.3771,0.35549,0.29369,0.28426,0.52572,0.62915,0.52219,0.32396,0.25005,0.24256,0.2017,0.25872,0.3553825,0.128743110244458
Kishoreganj,2013,0.44044,0.35534,0.33835,0.38087,0.5313,0.67686,0.60122,0.23814,0.22518,0.2199,0.17639,0.39745,0.38178666666666666,0.15204197804846165
Kishoreganj,2014,0.46098,0.35622,0.36234,0.40414,0.54303,0.67981,0.51961,0.38143,0.26057,0.2397,0.13082,0.44731,0.39882999999999996,0.14150670614261832
Kishoreganj,2015,0.4288,0.36365,0.36987,0.34468,0.54769,0.68675,0.57006,0.32662,0.20363,0.18272,0.16576,0.51336,0.39196583333333335,0.15736843099651707
Kishoreganj,2016,0.43918,0.35227,0.36562,0.39932,0.54421,0.65918,0.44323,0.32247,0.22512,0.18753,0.28572,0.47662,0.39170583333333336,0.1273701109927504
Kishoreganj,2017,0.55421,0.36676,0.36631,0.349,0.58631,0.66751,0.42527,0.36889,0.18576,0.23923,0.17596,0.5193,0.4003758333333333,0.15074026947359562
Kishoreganj,2018,0.46119,0.43551,0.42164,0.42712,0.58478,0.69908,0.55416,0.31719,0.24461,0.18867,0.28306,0.42903,0.4205033333333333,0.1410389254977347
Kishoreganj,2019,0.50157,0.4161,0.37823,0.39146,0.60353,0.70397,0.58668,0.43587,0.28982,0.24729,0.26273,0.40396,0.4351008333333333,0.13558967803993124
Jamalpur,2011,0.60176,0.53297,0.41488,0.36381,0.41348,0.56466,0.54019,0.43417,0.459,0.31282,0.42072,0.54341,0.4668225,0.08491605699404951
Jamalpur,2012,0.53341,0.45279,0.40731,0.37945,0.34112,0.52706,0.57364,0.42194,0.44145,0.38701,0.44106,0.42357,0.44415083333333333,0.06585389136291712
Jamalpur,2013,0.66193,0.52253,0.44722,0.43026,0.40428,0.56707,0.56783,0.41471,0.47471,0.37392,0.41732,0.59841,0.4900158333333334,0.08745207072623012
Jamalpur,2014,0.57547,0.49575,0.48726,0.44572,0.41839,0.58919,0.54944,0.44041,0.44653,0.42483,0.29224,0.52982,0.4745875,0.07865865984588093
Jamalpur,2015,0.57701,0.5235,0.47789,0.41935,0.43143,0.59295,0.5469,0.499,0.42149,0.50964,0.37695,0.60342,0.49829416666666665,0.07134251437704511
Jamalpur,2016,0.58665,0.52564,0.49299,0.45085,0.44655,0.54625,0.53554,0.48218,0.46916,0.3571,0.46382,0.55667,0.4927833333333333,0.05949379328038254
Jamalpur,2017,0.64122,0.57208,0.52439,0.45745,0.45975,0.5473,0.57154,0.54401,0.37068,0.32499,0.32591,0.58083,0.4933458333333334,0.10087857300225962
Jamalpur,2018,0.6498,0.58988,0.50607,0.44406,0.44896,0.63861,0.60169,0.48178,0.41192,0.42321,0.53728,0.62655,0.5299841666666667,0.08487545262111355
Jamalpur,2019,0.66338,0.57588,0.46025,0.49609,0.42187,0.6608,0.65351,0.53375,0.44072,0.25776,0.47283,0.62473,0.5217974999999999,0.11672618051983882
Gopalganj,2011,0.46406,0.3432,0.32691,0.50063,0.6121,0.47706,0.29318,0.2997,0.29463,0.36844,0.59251,0.60292,0.4312783333333334,0.12034298621255646
Gopalganj,2012,0.48016,0.32084,0.25673,0.42397,0.57511,0.41566,0.28651,0.24432,0.24192,0.38779,0.66793,0.66009,0.4134191666666666,0.14838815942533584
Gopalganj,2013,0.58048,0.42298,0.35332,0.36495,0.62633,0.46765,0.30705,0.31327,0.26946,0.41236,0.60396,0.65708,0.44824083333333326,0.1308400281806205
Gopalganj,2014,0.58274,0.38341,0.41744,0.43294,0.62519,0.5096,0.31133,0.3046,0.33808,0.47546,0.58857,0.61535,0.46539249999999993,0.11361226995979205
Gopalganj,2015,0.49652,0.36533,0.35459,0.47942,0.5769,0.42143,0.34143,0.32677,0.33189,0.45046,0.57122,0.63384,0.4458166666666667,0.10223594885796719
Gopalganj,2016,0.52594,0.34866,0.28346,0.60121,0.57706,0.40184,0.25435,0.28845,0.31008,0.35492,0.59369,0.56384,0.4252916666666667,0.13050409405029748
Gopalganj,2017,0.55354,0.41073,0.38535,0.28117,0.61447,0.4441,0.29939,0.32001,0.30671,0.39133,0.63024,0.61834,0.43794833333333333,0.12736689560958225
Gopalganj,2018,0.48319,0.38675,0.36251,0.53241,0.58789,0.42508,0.31297,0.34311,0.30052,0.36984,0.56432,0.66062,0.4441008333333334,0.11371292036368993
Gopalganj,2019,0.61998,0.43471,0.43299,0.62216,0.59821,0.44937,0.29656,0.26582,0.28598,0.36895,0.64544,0.64435,0.47204333333333337,0.14203801535348048
Gazipur,2011,0.67197,0.6031,0.47626,0.43374,0.46528,0.57511,0.61092,0.54305,0.46378,0.362,0.55501,0.61213,0.5310291666666666,0.08687261780506879
Gazipur,2012,0.68855,0.64397,0.51343,0.4243,0.43362,0.5021,0.58982,0.48144,0.49336,0.54483,0.49065,0.59081,0.5330733333333334,0.07760674974224573
Gazipur,2013,0.71935,0.62167,0.51657,0.46975,0.46507,0.56053,0.55509,0.47119,0.48525,0.38882,0.50139,0.64346,0.5331783333333333,0.08794325147818653
Gazipur,2014,0.69551,0.60948,0.50393,0.47911,0.49541,0.56826,0.53607,0.52757,0.42116,0.49637,0.37529,0.64026,0.529035,0.08599491869678502
Gazipur,2015,0.68181,0.60726,0.48977,0.45833,0.4789,0.57388,0.59371,0.54987,0.42631,0.36884,0.42636,0.69577,0.5292341666666666,0.09987447834309601
Gazipur,2016,0.67919,0.61429,0.52498,0.49848,0.46006,0.57196,0.55695,0.57414,0.46074,0.45867,0.57109,0.62052,0.5492558333333334,0.06771618952883833
Gazipur,2017,0.68171,0.63056,0.58614,0.5088,0.50297,0.58824,0.61497,0.61869,0.44945,0.41965,0.46246,0.60093,0.5553808333333333,0.07982565058283096
Gazipur,2018,0.68895,0.64061,0.55899,0.49359,0.53786,0.62258,0.62415,0.54349,0.47134,0.39041,0.62931,0.6838,0.5737566666666667,0.0869925047856934
Gazipur,2019,0.7312,0.65204,0.52195,0.51963,0.48937,0.616,0.6522,0.57375,0.48014,0.5122,0.55743,0.69465,0.5833800000000001,0.08057762023870729
Faridpur,2011,0.52086,0.4582,0.44554,0.49356,0.46469,0.43104,0.48961,0.61827,0.45615,0.404,0.39816,0.51401,0.4745074999999999,0.057151731546384484
Faridpur,2012,0.56492,0.50001,0.44439,0.46974,0.45833,0.38616,0.46771,0.56606,0.51944,0.47559,0.44607,0.53945,0.4864891666666667,0.051294286630893124
Faridpur,2013,0.62787,0.48664,0.47651,0.52879,0.50734,0.43213,0.46116,0.50498,0.58413,0.42201,0.37119,0.61975,0.5018750000000001,0.07536224590823534
Faridpur,2014,0.61355,0.46952,0.43731,0.55194,0.55411,0.42846,0.43285,0.58565,0.54931,0.49807,0.39219,0.63752,0.5125400000000001,0.0771493516931067
Faridpur,2015,0.58636,0.49293,0.4447,0.52064,0.5362,0.44403,0.51858,0.62656,0.47784,0.32394,0.37998,0.64538,0.49976166666666666,0.09074943405088297
Faridpur,2016,0.58527,0.4983,0.47312,0.54158,0.51854,0.43432,0.46367,0.65689,0.58577,0.35923,0.45369,0.61222,0.5152166666666667,0.08136814265355262
Faridpur,2017,0.62053,0.53827,0.52608,0.53433,0.5151,0.4576,0.5277,0.68481,0.55118,0.41757,0.44325,0.63992,0.5380283333333333,0.07618891092030534
Faridpur,2018,0.61047,0.52494,0.50686,0.54705,0.53859,0.50084,0.55271,0.54063,0.52304,0.48538,0.44951,0.64482,0.5354033333333333,0.050192402866923544
Faridpur,2019,0.66138,0.55325,0.50908,0.56115,0.53881,0.50838,0.58615,0.68149,0.52178,0.50725,0.4756,0.62374,0.5606716666666666,0.06251598713307037
Patuakhali,2011,0.67645,0.6174,0.44418,0.37008,0.35946,0.39972,0.4365,0.3952,0.26133,0.30341,0.3158,0.5204,0.42499416666666673,0.11978508459308371
Patuakhali,2012,0.66669,0.60187,0.43114,0.33916,0.35301,0.40164,0.47903,0.39179,0.35807,0.20672,0.30144,0.53252,0.42192333333333326,0.12439636572486977
Patuakhali,2013,0.71847,0.60689,0.39943,0.36426,0.35401,0.41287,0.47355,0.29543,0.33849,0.30882,0.30795,0.58942,0.4307991666666666,0.13203435073610792
Patuakhali,2014,0.70894,0.61103,0.44739,0.37861,0.38433,0.41249,0.45826,0.47169,0.37203,0.30317,0.30758,0.64571,0.4584358333333333,0.12573531467984198
Patuakhali,2015,0.71131,0.66447,0.43358,0.38802,0.36321,0.41435,0.51744,0.44522,0.1828,0.2861,0.32642,0.6272,0.44667666666666667,0.15181244850875117
Patuakhali,2016,0.69807,0.591,0.42614,0.37036,0.40914,0.48475,0.48566,0.44676,0.35007,0.2982,0.31554,0.46451,0.44501666666666667,0.1093587607627096
Patuakhali,2017,0.68522,0.65061,0.45943,0.38053,0.33307,0.45905,0.50417,0.47105,0.26542,0.28873,0.33437,0.61073,0.45353166666666667,0.1343975421918951
Patuakhali,2018,0.70789,0.65336,0.43918,0.36346,0.33741,0.45314,0.52625,0.44481,0.30557,0.36524,0.35636,0.63164,0.4653591666666666,0.12941249478948658
Patuakhali,2019,0.74051,0.63429,0.44089,0.41952,0.32649,0.49291,0.55556,0.50605,0.39816,0.37048,0.32418,0.64701,0.48800416666666663,0.1281516092016492
Pirojpur,2011,0.66974,0.68709,0.55891,0.48574,0.48603,0.53565,0.53935,0.46176,0.4128,0.35531,0.42453,0.53123,0.5123449999999999,0.09369549815759559
Pirojpur,2012,0.71074,0.67749,0.56897,0.43553,0.47569,0.50871,0.56028,0.49416,0.41022,0.39495,0.40157,0.53635,0.514555,0.09862617793973363
Pirojpur,2013,0.75468,0.68669,0.53543,0.49287,0.46917,0.53506,0.57351,0.45375,0.48679,0.43825,0.44992,0.65426,0.5441983333333333,0.0989921983317653
Pirojpur,2014,0.72855,0.66785,0.58173,0.50333,0.51687,0.5354,0.56331,0.54422,0.39418,0.45782,0.43842,0.65349,0.5487641666666666,0.09416028094498705
Pirojpur,2015,0.71964,0.70729,0.5555,0.50381,0.5072,0.55382,0.5686,0.49955,0.35721,0.42154,0.45151,0.68753,0.5444333333333333,0.10890826340957277
Pirojpur,2016,0.7248,0.68781,0.5595,0.50392,0.544,0.5903,0.56931,0.55596,0.5046,0.35741,0.45261,0.52224,0.547705,0.09272406811790201
Pirojpur,2017,0.73362,0.71679,0.59768,0.50917,0.51769,0.58815,0.57016,0.58169,0.40835,0.41556,0.45739,0.63703,0.5611066666666668,0.10091047710168104
Pirojpur,2018,0.73629,0.71179,0.57655,0.50251,0.50583,0.59658,0.5866,0.53936,0.36934,0.51191,0.46113,0.64714,0.5620858333333334,0.09961750075985089
Pirojpur,2019,0.76276,0.69345,0.56206,0.51546,0.51148,0.60936,0.6324,0.59515,0.4461,0.50855,0.48327,0.68265,0.5835575000000001,0.09222608814981077
Jhalokati,2011,0.7295,0.73346,0.59326,0.50015,0.49215,0.56388,0.58269,0.50753,0.44364,0.40417,0.48331,0.59867,0.5527008333333334,0.09829950622615334
Jhalokati,2012,0.75613,0.74347,0.61445,0.46184,0.49269,0.55598,0.62209,0.48069,0.47506,0.39367,0.42712,0.54485,0.5473366666666668,0.11190145064097942
Jhalokati,2013,0.78234,0.73404,0.56308,0.51197,0.48225,0.56849,0.628,0.45996,0.48103,0.41589,0.46617,0.693,0.5655183333333332,0.11398907351389237
Jhalokati,2014,0.77224,0.71716,0.62533,0.51528,0.53176,0.55172,0.61264,0.59757,0.45797,0.48939,0.43362,0.68506,0.5824783333333335,0.10083236764000383
Jhalokati,2015,0.75331,0.76166,0.58568,0.52492,0.51577,0.57485,0.63857,0.56586,0.35624,0.42459,0.47752,0.71516,0.5745108333333333,0.1212829991836128
Jhalokati,2016,0.76583,0.73474,0.59157,0.51662,0.56524,0.63542,0.63495,0.59584,0.54045,0.37209,0.47279,0.50917,0.5778925,0.10425774664463389
Jhalokati,2017,0.76219,0.74094,0.61109,0.52168,0.5071,0.62626,0.63319,0.65588,0.39662,0.38943,0.50858,0.63286,0.5821516666666667,0.1144874911532066
Jhalokati,2018,0.77929,0.7591,0.598,0.51577,0.51801,0.61345,0.61724,0.57794,0.37565,0.59493,0.4856,0.67223,0.5922675,0.1080853028958301
Jhalokati,2019,0.80874,0.73483,0.59712,0.53434,0.52082,0.62568,0.67738,0.65852,0.47109,0.54641,0.50026,0.72171,0.6164083333333333,0.10142012586540974
Bhola,2011,0.62422,0.57034,0.35597,0.30933,0.33635,0.4027,0.40543,0.35134,0.22551,0.20714,0.28005,0.42968,0.37483833333333333,0.11944986318070393
Bhola,2012,0.59132,0.49088,0.35019,0.27343,0.29847,0.37865,0.42951,0.31584,0.31711,0.21551,0.25756,0.43993,0.3632,0.10352995444153669
Bhola,2013,0.65679,0.54977,0.36384,0.34309,0.31324,0.39964,0.44373,0.26871,0.29587,0.25341,0.23586,0.47792,0.38348916666666666,0.12304102110396171
Bhola,2014,0.65328,0.51634,0.35766,0.34488,0.36304,0.41015,0.41967,0.35751,0.30225,0.26389,0.2267,0.52534,0.3950591666666667,0.11536502766280121
Bhola,2015,0.65554,0.57803,0.38886,0.34049,0.35538,0.4055,0.42737,0.35199,0.21458,0.25405,0.28856,0.50506,0.39711749999999996,0.12408832003355513
Bhola,2016,0.63326,0.53072,0.35567,0.34924,0.37409,0.43177,0.38127,0.36247,0.27944,0.2342,0.2606,0.37766,0.38086583333333324,0.10686519564840662
Bhola,2017,0.60653,0.58803,0.42101,0.36096,0.34427,0.42347,0.41991,0.39684,0.22534,0.28954,0.2928,0.49871,0.40561749999999996,0.11090644955133733
Bhola,2018,0.63638,0.57344,0.39786,0.36761,0.30088,0.40894,0.44458,0.35519,0.26428,0.2868,0.28777,0.53217,0.4046583333333333,0.11617116666319956
Bhola,2019,0.66034,0.56968,0.35152,0.39807,0.32196,0.43785,0.46113,0.39981,0.34929,0.32858,0.29657,0.52502,0.42498499999999995,0.10672828174855997
Barisal,2011,0.60854,0.57485,0.44249,0.44149,0.47133,0.5061,0.51659,0.44999,0.37541,0.30258,0.38348,0.48396,0.4630674999999999,0.08150310997389403
Barisal,2012,0.62055,0.56958,0.4544,0.39002,0.44624,0.47614,0.53299,0.43307,0.41387,0.31774,0.34693,0.46128,0.45523416666666666,0.08371331599157661
Barisal,2013,0.65991,0.56818,0.44261,0.44413,0.4425,0.53301,0.55265,0.38124,0.40728,0.3373,0.35187,0.57073,0.4742841666666666,0.09660250552809463
Barisal,2014,0.6439,0.56183,0.44701,0.45916,0.49327,0.50453,0.51934,0.49217,0.40017,0.36943,0.37955,0.59001,0.48836416666666677,0.08036738968204428
Barisal,2015,0.63837,0.61107,0.46733,0.47649,0.4898,0.5307,0.54711,0.47231,0.38101,0.3645,0.41428,0.58352,0.49804083333333327,0.08363202531111445
Barisal,2016,0.62636,0.57611,0.46446,0.4616,0.51817,0.57517,0.50815,0.47068,0.47622,0.313,0.41577,0.46896,0.48955416666666657,0.07836201976067375
Barisal,2017,0.62708,0.59505,0.49204,0.45342,0.47307,0.56686,0.52626,0.54326,0.35051,0.31603,0.40243,0.5261,0.48934249999999996,0.09138003740104655
Barisal,2018,0.65064,0.60111,0.48766,0.44537,0.45138,0.55225,0.53917,0.473,0.29167,0.42944,0.41118,0.59268,0.4937958333333332,0.09478325585762615
Barisal,2019,0.68279,0.59087,0.45876,0.46698,0.45846,0.57248,0.59596,0.55108,0.4289,0.42634,0.4253,0.60019,0.5215091666666667,0.0835685395806274
Joypurhat,2011,0.71623,0.44654,0.39334,0.44957,0.3844,0.56156,0.67835,0.49018,0.38193,0.23542,0.55666,0.65672,0.49590833333333334,0.1366579635338615
Joypurhat,2012,0.67026,0.45301,0.39855,0.44893,0.35472,0.50883,0.6708,0.43707,0.47975,0.29373,0.67255,0.72562,0.5094850000000001,0.13569866337465034
Joypurhat,2013,0.7889,0.53651,0.41717,0.50553,0.40678,0.52628,0.70303,0.55384,0.40405,0.30578,0.49585,0.77559,0.5349425,0.1453247097092691
Joypurhat,2014,0.70422,0.44443,0.43326,0.49296,0.39604,0.60584,0.684,0.46898,0.40265,0.34859,0.48154,0.76917,0.5193066666666667,0.13129101031254534
Joypurhat,2015,0.71966,0.46119,0.383,0.45399,0.47783,0.63206,0.70561,0.50496,0.39835,0.35726,0.59557,0.78128,0.53923,0.13732129496185214
Joypurhat,2016,0.68032,0.39639,0.45331,0.50954,0.4172,0.65499,0.68119,0.4915,0.35421,0.31478,0.62594,0.71603,0.5246166666666666,0.13543767387826605
Joypurhat,2017,0.70766,0.54892,0.46103,0.50475,0.38838,0.63667,0.70679,0.55311,0.44146,0.36176,0.56085,0.72582,0.5497666666666667,0.11947507608516328
Joypurhat,2018,0.74392,0.51604,0.4513,0.50786,0.41216,0.60395,0.70457,0.57587,0.35474,0.3162,0.53871,0.78733,0.5427208333333333,0.14298991598817576
Joypurhat,2019,0.77939,0.5204,0.36127,0.5447,0.42069,0.6724,0.73849,0.55579,0.44614,0.3507,0.64996,0.74,0.5649941666666666,0.1444268459842983
Natore,2011,0.54385,0.45984,0.40153,0.44837,0.52711,0.54604,0.5059,0.55366,0.44997,0.36489,0.45688,0.54596,0.4836666666666667,0.059996194925641365
Natore,2012,0.61621,0.50527,0.42652,0.42233,0.49726,0.49408,0.47832,0.44127,0.47094,0.45896,0.5282,0.59528,0.49455333333333334,0.058432692808811144
Natore,2013,0.64496,0.48232,0.41472,0.47248,0.5156,0.53012,0.49943,0.50007,0.45581,0.37112,0.49417,0.64757,0.5023641666666666,0.07681880731721163
Natore,2014,0.63943,0.46932,0.43072,0.49741,0.54862,0.5712,0.51071,0.50312,0.44324,0.42676,0.39468,0.67791,0.5094266666666667,0.08317146839845715
Natore,2015,0.61852,0.48998,0.39375,0.46028,0.58908,0.57597,0.52714,0.57576,0.48469,0.47768,0.48192,0.6659,0.5283891666666666,0.07422258960477524
Natore,2016,0.63566,0.44294,0.4098,0.47818,0.59253,0.5415,0.46573,0.55077,0.51251,0.40486,0.51504,0.6311,0.5150516666666667,0.07539374839615166
Natore,2017,0.65793,0.52737,0.4659,0.44657,0.58722,0.55976,0.51235,0.59478,0.51612,0.42468,0.49768,0.6307,0.5350883333333333,0.06968349228635304
Natore,2018,0.65527,0.50724,0.4673,0.48281,0.54505,0.63786,0.57698,0.50357,0.48188,0.33539,0.44672,0.70983,0.5291583333333334,0.09856858735869602
Natore,2019,0.70287,0.55534,0.44699,0.48861,0.57489,0.63078,0.60545,0.58919,0.49245,0.44809,0.51361,0.66714,0.5596175,0.08019077795326593
Rajshahi,2011,0.51514,0.44735,0.39554,0.4524,0.43551,0.47237,0.52016,0.47863,0.37792,0.33484,0.47219,0.5224,0.45203750000000004,0.05613678564081963
Rajshahi,2012,0.58879,0.47699,0.42694,0.43291,0.41971,0.4275,0.4949,0.38815,0.44707,0.40686,0.59387,0.58532,0.4740841666666667,0.07187911222535762
Rajshahi,2013,0.63344,0.46268,0.43026,0.49964,0.46193,0.43619,0.4786,0.42794,0.41458,0.35404,0.51884,0.6116,0.4774783333333334,0.07668015593286759
Rajshahi,2014,0.59952,0.44275,0.43547,0.496,0.47622,0.48149,0.49848,0.44199,0.41663,0.41462,0.38799,0.61721,0.47569750000000005,0.06774638995609533
Rajshahi,2015,0.59832,0.493,0.39747,0.47805,0.49472,0.50134,0.53277,0.53361,0.41214,0.47928,0.5335,0.6283,0.5068750000000001,0.06331656925060505
Rajshahi,2016,0.61885,0.42848,0.40903,0.49556,0.49493,0.52136,0.49241,0.50757,0.47969,0.3535,0.52825,0.60594,0.49463083333333335,0.07169536926681916
Rajshahi,2017,0.64675,0.50448,0.47221,0.48322,0.47371,0.51802,0.52997,0.55528,0.44537,0.4025,0.53412,0.6601,0.5188108333333332,0.07223811960665612
Rajshahi,2018,0.62309,0.5149,0.46381,0.49299,0.48913,0.54597,0.56138,0.47779,0.45895,0.33871,0.4837,0.65517,0.5087991666666666,0.07870730699436715
Rajshahi,2019,0.65094,0.54512,0.44298,0.51661,0.46881,0.55103,0.59673,0.54907,0.44212,0.42728,0.5622,0.62623,0.5315933333333333,0.07079947414274268
Bogra,2011,0.60867,0.4826,0.38247,0.38466,0.37494,0.56508,0.58033,0.3982,0.407,0.27354,0.46597,0.58266,0.4588433333333332,0.10145503842699101
Bogra,2012,0.60179,0.45204,0.37524,0.37064,0.31492,0.49437,0.60212,0.42021,0.48737,0.31945,0.54819,0.56978,0.46301,0.09982146454211804
Bogra,2013,0.69408,0.48192,0.39437,0.41868,0.36567,0.56427,0.60464,0.42363,0.39504,0.28997,0.44894,0.67757,0.47989833333333337,0.12218161596801523
Bogra,2014,0.64517,0.44683,0.40782,0.41717,0.38522,0.60991,0.60242,0.40401,0.36775,0.34281,0.41932,0.65695,0.4754483333333333,0.11192476772616308
Bogra,2015,0.65238,0.46786,0.37474,0.38921,0.46288,0.61061,0.59024,0.46564,0.45064,0.37019,0.4951,0.68994,0.5016191666666666,0.10428737071655522
Bogra,2016,0.64759,0.41669,0.39873,0.41633,0.41607,0.58155,0.55859,0.44038,0.40456,0.32609,0.5153,0.6217,0.4786316666666666,0.09814140290361092
Bogra,2017,0.68305,0.54101,0.44335,0.42859,0.40331,0.57133,0.60112,0.49458,0.37045,0.27743,0.46973,0.65511,0.49492166666666665,0.11517226509547436
Bogra,2018,0.66968,0.51588,0.42642,0.41452,0.41263,0.629,0.61008,0.49944,0.3933,0.30109,0.50465,0.6831,0.5049825000000001,0.1163171553071601
Bogra,2019,0.70911,0.53531,0.35843,0.44142,0.39237,0.65308,0.62772,0.50432,0.3706,0.32805,0.55069,0.6801,0.5126000000000001,0.1288434975076352
Pabna,2011,0.48072,0.4278,0.41164,0.44177,0.42919,0.46636,0.48831,0.52231,0.43892,0.32342,0.37308,0.49099,0.44120916666666665,0.052589339138006126
Pabna,2012,0.53123,0.44052,0.40242,0.42672,0.42337,0.42811,0.44723,0.43837,0.42072,0.41841,0.48798,0.50492,0.44750000000000006,0.03770962542905989
Pabna,2013,0.58162,0.42148,0.41987,0.48577,0.46968,0.42979,0.46662,0.50606,0.44384,0.37458,0.42414,0.56554,0.4657491666666667,0.05867078865135717
Pabna,2014,0.56986,0.45263,0.43937,0.48836,0.49023,0.48169,0.46015,0.47604,0.45096,0.41407,0.41972,0.59998,0.47858833333333334,0.05342977304108845
Pabna,2015,0.56932,0.45948,0.42864,0.47577,0.49709,0.48423,0.49258,0.54655,0.45895,0.42413,0.41149,0.6053,0.4877941666666666,0.05714110917403413
Pabna,2016,0.53619,0.42572,0.43881,0.50673,0.49362,0.46828,0.45323,0.55291,0.46662,0.38884,0.46716,0.56091,0.4799183333333333,0.05005870800592264
Pabna,2017,0.60527,0.49508,0.49081,0.49672,0.48656,0.47964,0.51054,0.6059,0.49268,0.39322,0.44065,0.61175,0.5090683333333333,0.06429196318790985
Pabna,2018,0.61579,0.50949,0.50558,0.50966,0.49336,0.5364,0.55505,0.52423,0.4917,0.36034,0.4374,0.62285,0.5134875,0.06770660813699551
Pabna,2019,0.63535,0.53673,0.49917,0.54352,0.48734,0.5482,0.58209,0.58972,0.49371,0.48929,0.50214,0.62561,0.5444058333333334,0.05091622227711146
Sirajganj,2011,0.46591,0.45764,0.41564,0.34817,0.35229,0.51605,0.52787,0.40073,0.36561,0.23309,0.33292,0.42665,0.4035474999999999,0.07999641899537337
Sirajganj,2012,0.44847,0.39672,0.36905,0.35291,0.30621,0.50574,0.51349,0.37962,0.35428,0.31577,0.39598,0.37049,0.39239416666666666,0.06336806075859948
Sirajganj,2013,0.5265,0.40652,0.41335,0.40457,0.35375,0.49383,0.52394,0.41141,0.36674,0.27913,0.30334,0.4925,0.4146316666666667,0.07838179686990822
Sirajganj,2014,0.4926,0.4242,0.43973,0.38937,0.36658,0.5517,0.51392,0.38224,0.37654,0.34691,0.28806,0.47944,0.4209408333333333,0.07372404350666222
Sirajganj,2015,0.49714,0.44574,0.42467,0.37008,0.42999,0.55924,0.50513,0.44195,0.32863,0.37175,0.29486,0.50316,0.4310283333333333,0.07535255722638452
Sirajganj,2016,0.48192,0.40759,0.42282,0.42191,0.41665,0.5171,0.47205,0.43176,0.41414,0.30244,0.39021,0.45698,0.42796416666666665,0.05134470914942347
Sirajganj,2017,0.54072,0.46693,0.46862,0.42855,0.40111,0.5026,0.53216,0.48442,0.3403,0.27637,0.32705,0.47649,0.43711000000000005,0.08084017596467737
Sirajganj,2018,0.53591,0.50032,0.47452,0.40599,0.40784,0.57716,0.56564,0.42567,0.39357,0.28094,0.38976,0.51447,0.4559825000000001,0.0834085397431422
Sirajganj,2019,0.56992,0.49913,0.43871,0.46708,0.38987,0.61129,0.58995,0.45677,0.40065,0.29629,0.4155,0.50463,0.4699824999999999,0.08752187346838884
Brahamanbaria,2011,0.52611,0.45964,0.3709,0.35269,0.4932,0.63646,0.55444,0.4125,0.28976,0.26822,0.37835,0.42347,0.43047833333333335,0.10430104136850962
Brahamanbaria,2012,0.46436,0.4352,0.35964,0.32492,0.4786,0.58804,0.50888,0.36242,0.34778,0.32394,0.35121,0.4076,0.4127158333333334,0.07982338060350627
Brahamanbaria,2013,0.53342,0.44744,0.39165,0.39123,0.48397,0.64025,0.56503,0.34589,0.38014,0.33067,0.37379,0.46681,0.4458575,0.09140048633395412
Brahamanbaria,2014,0.53563,0.47105,0.4139,0.41183,0.49603,0.62795,0.48687,0.40377,0.4101,0.39574,0.26577,0.50761,0.45218749999999996,0.08638849857137619
Brahamanbaria,2015,0.53165,0.48259,0.42579,0.37426,0.52089,0.6642,0.54018,0.3875,0.3525,0.36047,0.28604,0.50673,0.4527333333333334,0.1018702642525722
Brahamanbaria,2016,0.5384,0.46798,0.4279,0.41849,0.51909,0.64896,0.46382,0.41232,0.3958,0.33143,0.47148,0.46679,0.46353833333333333,0.07698958629075897
Brahamanbaria,2017,0.57215,0.50527,0.4434,0.38059,0.55081,0.66984,0.52479,0.49096,0.36344,0.38009,0.33895,0.54225,0.48021166666666665,0.0961203759038056
Brahamanbaria,2018,0.54007,0.51128,0.43002,0.4214,0.55881,0.6634,0.52299,0.37093,0.31228,0.35561,0.47371,0.50609,0.47221583333333333,0.09473902244748758
Brahamanbaria,2019,0.58487,0.51548,0.42015,0.42456,0.54803,0.67677,0.57015,0.42834,0.47679,0.36479,0.4192,0.52534,0.4962058333333334,0.08609050987752495
Lakshmipur,2011,0.69757,0.61855,0.42367,0.39218,0.3999,0.50703,0.53877,0.45804,0.34712,0.25826,0.43473,0.52826,0.4670066666666666,0.1146295540958885
Lakshmipur,2012,0.66153,0.57723,0.45272,0.328,0.39703,0.49953,0.52876,0.40802,0.45496,0.36809,0.39775,0.53881,0.46770249999999997,0.09248373650945338
Lakshmipur,2013,0.73898,0.58821,0.43224,0.38558,0.38984,0.56676,0.5846,0.4312,0.40681,0.36405,0.4517,0.61785,0.4964849999999999,0.1133940585230696
Lakshmipur,2014,0.72356,0.60624,0.44436,0.38238,0.39626,0.52724,0.54432,0.45953,0.46014,0.39946,0.36481,0.6252,0.4944583333333334,0.10746407933454892
Lakshmipur,2015,0.718,0.63016,0.46713,0.40706,0.43043,0.53639,0.53038,0.4668,0.34116,0.31868,0.36972,0.60787,0.485315,0.11779269222522536
Lakshmipur,2016,0.67927,0.553,0.44604,0.42642,0.46965,0.57067,0.47332,0.4808,0.40592,0.36424,0.46396,0.5235,0.4880658333333334,0.08046330855927786
Lakshmipur,2017,0.7192,0.63736,0.50262,0.43965,0.44212,0.55955,0.5277,0.53416,0.32436,0.37997,0.42445,0.59823,0.5074474999999999,0.10775893305004154
Lakshmipur,2018,0.68115,0.60452,0.45742,0.43492,0.40998,0.51655,0.53311,0.48252,0.36465,0.39869,0.42692,0.64651,0.4964116666666667,0.09781028940703984
Lakshmipur,2019,0.70223,0.61511,0.46618,0.47737,0.43717,0.56126,0.54736,0.52236,0.43712,0.40605,0.40604,0.60631,0.51538,0.08959110437612282
Chandpur,2011,0.63718,0.54759,0.42072,0.42137,0.44636,0.5398,0.5418,0.48875,0.37603,0.35093,0.50196,0.48933,0.4801516666666666,0.0779245832876606
Chandpur,2012,0.62191,0.57827,0.43947,0.38348,0.43761,0.51948,0.5407,0.38594,0.44618,0.40686,0.382,0.51608,0.4714983333333333,0.07808823362425067
Chandpur,2013,0.67022,0.56882,0.45174,0.433,0.44673,0.57916,0.58746,0.46754,0.42983,0.40931,0.43343,0.60314,0.5066983333333334,0.08466378976411476
Chandpur,2014,0.65518,0.55088,0.45382,0.45865,0.46904,0.54785,0.54049,0.48288,0.45086,0.48569,0.42006,0.63129,0.5122241666666666,0.07079696361878021
Chandpur,2015,0.63567,0.59258,0.49162,0.48868,0.45701,0.57138,0.55706,0.45556,0.38313,0.39664,0.42327,0.62957,0.5068475,0.08456007678223018
Chandpur,2016,0.64266,0.58522,0.47468,0.49297,0.50917,0.60044,0.50637,0.52015,0.4622,0.44168,0.50815,0.51586,0.5216291666666666,0.05661117637862882
Chandpur,2017,0.68286,0.61119,0.53127,0.47539,0.49407,0.59192,0.56012,0.55307,0.39498,0.39872,0.46051,0.58508,0.5282650000000001,0.0830651019281463
Chandpur,2018,0.64336,0.58203,0.4973,0.48333,0.49423,0.5753,0.56273,0.46633,0.41907,0.39959,0.46261,0.62326,0.5174283333333333,0.07523086975363831
Chandpur,2019,0.68464,0.6005,0.4508,0.53531,0.50456,0.61803,0.59189,0.54305,0.45919,0.46582,0.48259,0.58328,0.543305,0.07052014103549899
Noakhali,2011,0.72895,0.62684,0.45216,0.43593,0.47334,0.54125,0.52008,0.48273,0.37033,0.29422,0.50443,0.62191,0.5043475000000001,0.11248276802285466
Noakhali,2012,0.68862,0.57608,0.45601,0.39144,0.4715,0.51194,0.52847,0.40475,0.4901,0.34446,0.42133,0.62673,0.49261916666666666,0.09652738147440632
Noakhali,2013,0.74314,0.62565,0.45262,0.44694,0.47085,0.55902,0.54,0.4085,0.4305,0.39668,0.49007,0.68551,0.52079,0.10766525716311645
Noakhali,2014,0.74118,0.65236,0.50009,0.48243,0.50557,0.55845,0.52427,0.4663,0.43651,0.42626,0.41387,0.68536,0.5327208333333334,0.1021680251235135
Noakhali,2015,0.72088,0.67411,0.51011,0.49545,0.53433,0.56703,0.55202,0.50415,0.37259,0.29539,0.40584,0.69209,0.5269991666666667,0.12340172462721996
Noakhali,2016,0.73562,0.59428,0.50363,0.47105,0.53983,0.60878,0.46645,0.50574,0.37288,0.35991,0.48737,0.6463,0.52432,0.10411740576547869
Noakhali,2017,0.73966,0.67849,0.54207,0.46647,0.5073,0.60822,0.56263,0.5682,0.33754,0.47784,0.45155,0.6607,0.5500558333333333,0.10705042779443817
Noakhali,2018,0.71439,0.64793,0.50549,0.49316,0.51454,0.5855,0.54604,0.50218,0.35194,0.42108,0.48822,0.73138,0.5418208333333333,0.10739614979584801
Noakhali,2019,0.76398,0.66557,0.51815,0.50999,0.5054,0.60499,0.57051,0.5773,0.47977,0.43217,0.48027,0.74208,0.5708483333333333,0.10136379332494529
Dhaka,2011,0.4951,0.48502,0.42375,0.40307,0.41337,0.49739,0.53639,0.49361,0.39899,0.39598,0.46814,0.48227,0.4577566666666666,0.045892204736268184
Dhaka,2012,0.52303,0.49771,0.41214,0.36985,0.38418,0.46367,0.53685,0.42402,0.39365,0.4085,0.41226,0.47015,0.44133416666666664,0.05325316414047359
Dhaka,2013,0.59078,0.4739,0.4521,0.42974,0.41563,0.50185,0.50546,0.41194,0.45942,0.37006,0.43113,0.54958,0.46596583333333325,0.059785512383622015
Dhaka,2014,0.54667,0.4589,0.42598,0.43631,0.44179,0.50209,0.47861,0.44564,0.39445,0.46385,0.44048,0.57069,0.46712166666666666,0.04849699575460548
Dhaka,2015,0.51085,0.46922,0.41944,0.44373,0.42289,0.50786,0.53436,0.46449,0.41505,0.3054,0.37181,0.56032,0.45211833333333334,0.0688087032810692
Dhaka,2016,0.53672,0.49562,0.46017,0.44394,0.43252,0.5131,0.49316,0.50816,0.47733,0.38226,0.46788,0.54375,0.47955083333333337,0.04400719571053755
Dhaka,2017,0.54617,0.50212,0.48657,0.45406,0.43467,0.52096,0.53556,0.49747,0.37308,0.41386,0.40529,0.5179,0.4739758333333333,0.05408122740506996
Dhaka,2018,0.54293,0.50242,0.47345,0.43687,0.44147,0.51672,0.53141,0.44753,0.39273,0.42119,0.52265,0.57245,0.48348499999999994,0.05337844469758681
Dhaka,2019,0.59127,0.5211,0.45803,0.45835,0.43728,0.54808,0.56219,0.4934,0.4033,0.50553,0.44772,0.58069,0.5005783333333333,0.05848774726859939
Feni,2011,0.76559,0.64239,0.4637,0.3949,0.43408,0.55035,0.58321,0.51782,0.45238,0.34834,0.56331,0.69171,0.5339816666666667,0.11883845539452101
Feni,2012,0.71752,0.62093,0.46586,0.41487,0.38088,0.52046,0.6087,0.52233,0.48934,0.35497,0.50182,0.73138,0.5274216666666667,0.11652544656521263
Feni,2013,0.77287,0.65343,0.45957,0.42636,0.41702,0.52963,0.53699,0.48437,0.43573,0.4627,0.44693,0.75361,0.5316008333333334,0.12079784714267698
Feni,2014,0.76742,0.67895,0.49517,0.44696,0.46455,0.53846,0.53068,0.53348,0.46841,0.50961,0.38558,0.73088,0.5458458333333334,0.11307699518899599
Feni,2015,0.74287,0.68288,0.51983,0.48036,0.48724,0.55565,0.601,0.55487,0.38449,0.37413,0.48186,0.71741,0.5485491666666668,0.11481110300970702
Feni,2016,0.76604,0.58803,0.53107,0.48927,0.51606,0.6179,0.53303,0.57556,0.46633,0.52047,0.51773,0.66681,0.5656916666666668,0.0808669413123943
Feni,2017,0.71659,0.69259,0.54917,0.49681,0.48884,0.61718,0.62719,0.6269,0.43748,0.44206,0.5085,0.69124,0.5745458333333332,0.09565232689784511
Feni,2018,0.77648,0.69979,0.52478,0.47508,0.5154,0.59099,0.60065,0.57431,0.4297,0.45891,0.5636,0.77137,0.5817550000000001,0.11025409391491998
Feni,2019,0.82346,0.68155,0.53187,0.54718,0.48869,0.63249,0.62938,0.61492,0.5245,0.42226,0.58586,0.7775,0.6049716666666666,0.11077344295402616
